# Blender 4.5.1 LTS
# www.blender.org
mtllib led2.mtl
o 구체
v -0.077000 0.004157 0.010222
v -0.077000 0.002778 0.008843
v -0.077000 0.000975 0.008096
v -0.077000 0.000000 0.008000
v -0.077000 -0.000975 0.008096
v -0.077000 -0.002778 0.008843
v -0.076810 0.004904 0.012043
v -0.076627 0.004619 0.011123
v -0.076458 0.004157 0.010276
v -0.076310 0.003536 0.009532
v -0.076189 0.002778 0.008923
v -0.076099 0.001913 0.008469
v -0.076043 0.000975 0.008190
v -0.076025 0.000000 0.008096
v -0.076043 -0.000975 0.008190
v -0.076099 -0.001913 0.008469
v -0.076189 -0.002778 0.008923
v -0.076310 -0.003536 0.009532
v -0.076458 -0.004157 0.010276
v -0.076627 -0.004619 0.011123
v -0.076810 -0.004904 0.012043
v -0.076627 0.004904 0.012099
v -0.076268 0.004619 0.011232
v -0.075937 0.004157 0.010434
v -0.075647 0.003536 0.009734
v -0.075409 0.002778 0.009159
v -0.075232 0.001913 0.008732
v -0.075123 0.000975 0.008469
v -0.075087 0.000000 0.008381
v -0.075123 -0.000975 0.008469
v -0.075232 -0.001913 0.008732
v -0.075409 -0.002778 0.009159
v -0.075647 -0.003536 0.009734
v -0.075937 -0.004157 0.010434
v -0.076268 -0.004619 0.011232
v -0.076627 -0.004904 0.012099
v -0.076458 0.004904 0.012189
v -0.075937 0.004619 0.011409
v -0.075457 0.004157 0.010690
v -0.075036 0.003536 0.010060
v -0.074690 0.002778 0.009543
v -0.074434 0.001913 0.009159
v -0.074276 0.000975 0.008923
v -0.074222 0.000000 0.008843
v -0.074276 -0.000975 0.008923
v -0.074434 -0.001913 0.009159
v -0.074690 -0.002778 0.009543
v -0.075036 -0.003536 0.010060
v -0.075457 -0.004157 0.010690
v -0.075937 -0.004619 0.011409
v -0.076458 -0.004904 0.012189
v -0.076310 0.004904 0.012310
v -0.075647 0.004619 0.011647
v -0.075036 0.004157 0.011036
v -0.074500 0.003536 0.010500
v -0.074060 0.002778 0.010060
v -0.073734 0.001913 0.009734
v -0.073532 0.000975 0.009532
v -0.073464 0.000000 0.009464
v -0.073532 -0.000975 0.009532
v -0.073734 -0.001913 0.009734
v -0.074060 -0.002778 0.010060
v -0.074500 -0.003536 0.010500
v -0.075036 -0.004157 0.011036
v -0.075647 -0.004619 0.011647
v -0.076310 -0.004904 0.012310
v -0.076189 0.004904 0.012458
v -0.075409 0.004619 0.011937
v -0.074690 0.004157 0.011457
v -0.074060 0.003536 0.011036
v -0.073543 0.002778 0.010690
v -0.073159 0.001913 0.010434
v -0.072923 0.000975 0.010276
v -0.072843 0.000000 0.010222
v -0.072923 -0.000975 0.010276
v -0.073159 -0.001913 0.010434
v -0.073543 -0.002778 0.010690
v -0.074060 -0.003536 0.011036
v -0.074690 -0.004157 0.011457
v -0.075409 -0.004619 0.011937
v -0.076189 -0.004904 0.012458
v -0.077000 0.005000 0.013000
v -0.076099 0.004904 0.012627
v -0.075232 0.004619 0.012268
v -0.074434 0.004157 0.011937
v -0.073734 0.003536 0.011647
v -0.073159 0.002778 0.011409
v -0.072732 0.001913 0.011232
v -0.072469 0.000975 0.011123
v -0.072381 0.000000 0.011087
v -0.072469 -0.000975 0.011123
v -0.072732 -0.001913 0.011232
v -0.073159 -0.002778 0.011409
v -0.073734 -0.003536 0.011647
v -0.074434 -0.004157 0.011937
v -0.075232 -0.004619 0.012268
v -0.076099 -0.004904 0.012627
v -0.076043 0.004904 0.012810
v -0.075123 0.004619 0.012627
v -0.074276 0.004157 0.012458
v -0.073532 0.003536 0.012310
v -0.072923 0.002778 0.012189
v -0.072469 0.001913 0.012099
v -0.072190 0.000975 0.012043
v -0.072096 0.000000 0.012025
v -0.072190 -0.000975 0.012043
v -0.072469 -0.001913 0.012099
v -0.072923 -0.002778 0.012189
v -0.073532 -0.003536 0.012310
v -0.074276 -0.004157 0.012458
v -0.075123 -0.004619 0.012627
v -0.076043 -0.004904 0.012810
v -0.076025 0.004904 0.013000
v -0.075087 0.004619 0.013000
v -0.074222 0.004157 0.013000
v -0.073464 0.003536 0.013000
v -0.072843 0.002778 0.013000
v -0.072381 0.001913 0.013000
v -0.072096 0.000975 0.013000
v -0.072000 0.000000 0.013000
v -0.072096 -0.000975 0.013000
v -0.072381 -0.001913 0.013000
v -0.072843 -0.002778 0.013000
v -0.073464 -0.003536 0.013000
v -0.074222 -0.004157 0.013000
v -0.075087 -0.004619 0.013000
v -0.076025 -0.004904 0.013000
v -0.076043 0.004904 0.013190
v -0.075123 0.004619 0.013373
v -0.074276 0.004157 0.013542
v -0.073532 0.003536 0.013690
v -0.072923 0.002778 0.013811
v -0.072469 0.001913 0.013901
v -0.072190 0.000975 0.013957
v -0.072096 0.000000 0.013975
v -0.072190 -0.000975 0.013957
v -0.072469 -0.001913 0.013901
v -0.072923 -0.002778 0.013811
v -0.073532 -0.003536 0.013690
v -0.074276 -0.004157 0.013542
v -0.075123 -0.004619 0.013373
v -0.076043 -0.004904 0.013190
v -0.076099 0.004904 0.013373
v -0.075232 0.004619 0.013732
v -0.074434 0.004157 0.014063
v -0.073734 0.003536 0.014353
v -0.073159 0.002778 0.014591
v -0.072732 0.001913 0.014768
v -0.072469 0.000975 0.014877
v -0.072381 0.000000 0.014913
v -0.072469 -0.000975 0.014877
v -0.072732 -0.001913 0.014768
v -0.073159 -0.002778 0.014591
v -0.073734 -0.003536 0.014353
v -0.074434 -0.004157 0.014063
v -0.075232 -0.004619 0.013732
v -0.076099 -0.004904 0.013373
v -0.076189 0.004904 0.013542
v -0.075409 0.004619 0.014063
v -0.074690 0.004157 0.014543
v -0.074060 0.003536 0.014964
v -0.073543 0.002778 0.015310
v -0.073159 0.001913 0.015566
v -0.072923 0.000975 0.015724
v -0.072843 0.000000 0.015778
v -0.072923 -0.000975 0.015724
v -0.073159 -0.001913 0.015566
v -0.073543 -0.002778 0.015310
v -0.074060 -0.003536 0.014964
v -0.074690 -0.004157 0.014543
v -0.075409 -0.004619 0.014063
v -0.076189 -0.004904 0.013542
v -0.076310 0.004904 0.013690
v -0.075647 0.004619 0.014353
v -0.075036 0.004157 0.014964
v -0.074500 0.003536 0.015500
v -0.074060 0.002778 0.015940
v -0.073734 0.001913 0.016266
v -0.073532 0.000975 0.016468
v -0.073464 0.000000 0.016536
v -0.073532 -0.000975 0.016468
v -0.073734 -0.001913 0.016266
v -0.074060 -0.002778 0.015940
v -0.074500 -0.003536 0.015500
v -0.075036 -0.004157 0.014964
v -0.075647 -0.004619 0.014353
v -0.076310 -0.004904 0.013690
v -0.076458 0.004904 0.013811
v -0.075937 0.004619 0.014591
v -0.075457 0.004157 0.015310
v -0.075036 0.003536 0.015940
v -0.074690 0.002778 0.016457
v -0.074434 0.001913 0.016841
v -0.074276 0.000975 0.017077
v -0.074222 0.000000 0.017157
v -0.074276 -0.000975 0.017077
v -0.074434 -0.001913 0.016841
v -0.074690 -0.002778 0.016457
v -0.075036 -0.003536 0.015940
v -0.075457 -0.004157 0.015310
v -0.075937 -0.004619 0.014591
v -0.076458 -0.004904 0.013811
v -0.076627 0.004904 0.013901
v -0.076268 0.004619 0.014768
v -0.075937 0.004157 0.015566
v -0.075647 0.003536 0.016266
v -0.075409 0.002778 0.016841
v -0.075232 0.001913 0.017268
v -0.075123 0.000975 0.017531
v -0.075087 0.000000 0.017619
v -0.075123 -0.000975 0.017531
v -0.075232 -0.001913 0.017268
v -0.075409 -0.002778 0.016841
v -0.075647 -0.003536 0.016266
v -0.075937 -0.004157 0.015566
v -0.076268 -0.004619 0.014768
v -0.076627 -0.004904 0.013901
v -0.076810 0.004904 0.013957
v -0.076627 0.004619 0.014877
v -0.076458 0.004157 0.015724
v -0.076310 0.003536 0.016468
v -0.076189 0.002778 0.017077
v -0.076099 0.001913 0.017531
v -0.076043 0.000975 0.017810
v -0.076025 0.000000 0.017904
v -0.076043 -0.000975 0.017810
v -0.076099 -0.001913 0.017531
v -0.076189 -0.002778 0.017077
v -0.076310 -0.003536 0.016468
v -0.076458 -0.004157 0.015724
v -0.076627 -0.004619 0.014877
v -0.076810 -0.004904 0.013957
v -0.077000 0.004904 0.013975
v -0.077000 0.004619 0.014913
v -0.077000 0.004157 0.015778
v -0.077000 0.003536 0.016536
v -0.077000 0.002778 0.017157
v -0.077000 0.001913 0.017619
v -0.077000 0.000975 0.017904
v -0.077000 0.000000 0.018000
v -0.077000 -0.000975 0.017904
v -0.077000 -0.001913 0.017619
v -0.077000 -0.002778 0.017157
v -0.077000 -0.003536 0.016536
v -0.077000 -0.004157 0.015778
v -0.077000 -0.004619 0.014913
v -0.077000 -0.004904 0.013975
v -0.077190 0.004904 0.013957
v -0.077373 0.004619 0.014877
v -0.077542 0.004157 0.015724
v -0.077690 0.003536 0.016468
v -0.077811 0.002778 0.017077
v -0.077901 0.001913 0.017531
v -0.077957 0.000975 0.017810
v -0.077975 0.000000 0.017904
v -0.077957 -0.000975 0.017810
v -0.077901 -0.001913 0.017531
v -0.077811 -0.002778 0.017077
v -0.077690 -0.003536 0.016468
v -0.077542 -0.004157 0.015724
v -0.077373 -0.004619 0.014877
v -0.077190 -0.004904 0.013957
v -0.077373 0.004904 0.013901
v -0.077732 0.004619 0.014768
v -0.078063 0.004157 0.015566
v -0.078353 0.003536 0.016266
v -0.078591 0.002778 0.016841
v -0.078768 0.001913 0.017268
v -0.078877 0.000975 0.017531
v -0.078913 0.000000 0.017619
v -0.078877 -0.000975 0.017531
v -0.078768 -0.001913 0.017268
v -0.078591 -0.002778 0.016841
v -0.078353 -0.003536 0.016266
v -0.078063 -0.004157 0.015566
v -0.077732 -0.004619 0.014768
v -0.077373 -0.004904 0.013901
v -0.077542 0.004904 0.013811
v -0.078063 0.004619 0.014591
v -0.078543 0.004157 0.015310
v -0.078964 0.003536 0.015940
v -0.079310 0.002778 0.016457
v -0.079566 0.001913 0.016841
v -0.079724 0.000975 0.017077
v -0.079778 0.000000 0.017157
v -0.079724 -0.000975 0.017077
v -0.079566 -0.001913 0.016841
v -0.079310 -0.002778 0.016457
v -0.078964 -0.003536 0.015940
v -0.078543 -0.004157 0.015310
v -0.078063 -0.004619 0.014591
v -0.077542 -0.004904 0.013811
v -0.077690 0.004904 0.013690
v -0.078353 0.004619 0.014353
v -0.078964 0.004157 0.014964
v -0.079500 0.003536 0.015500
v -0.079940 0.002778 0.015940
v -0.080266 0.001913 0.016266
v -0.080468 0.000975 0.016468
v -0.080536 0.000000 0.016536
v -0.080468 -0.000975 0.016468
v -0.080266 -0.001913 0.016266
v -0.079940 -0.002778 0.015940
v -0.079500 -0.003536 0.015500
v -0.078964 -0.004157 0.014964
v -0.078353 -0.004619 0.014353
v -0.077690 -0.004904 0.013690
v -0.077000 -0.005000 0.013000
v -0.077811 0.004904 0.013542
v -0.078591 0.004619 0.014063
v -0.079310 0.004157 0.014543
v -0.079940 0.003536 0.014964
v -0.080457 0.002778 0.015310
v -0.080841 0.001913 0.015566
v -0.081077 0.000975 0.015724
v -0.081157 0.000000 0.015778
v -0.081077 -0.000975 0.015724
v -0.080841 -0.001913 0.015566
v -0.080457 -0.002778 0.015310
v -0.079940 -0.003536 0.014964
v -0.079310 -0.004157 0.014543
v -0.078591 -0.004619 0.014063
v -0.077811 -0.004904 0.013542
v -0.077901 0.004904 0.013373
v -0.078768 0.004619 0.013732
v -0.079566 0.004157 0.014063
v -0.080266 0.003536 0.014353
v -0.080841 0.002778 0.014591
v -0.081268 0.001913 0.014768
v -0.081531 0.000975 0.014877
v -0.081619 0.000000 0.014913
v -0.081531 -0.000975 0.014877
v -0.081268 -0.001913 0.014768
v -0.080841 -0.002778 0.014591
v -0.080266 -0.003536 0.014353
v -0.079566 -0.004157 0.014063
v -0.078768 -0.004619 0.013732
v -0.077901 -0.004904 0.013373
v -0.077957 0.004904 0.013190
v -0.078877 0.004619 0.013373
v -0.079724 0.004157 0.013542
v -0.080468 0.003536 0.013690
v -0.081077 0.002778 0.013811
v -0.081531 0.001913 0.013901
v -0.081810 0.000975 0.013957
v -0.081904 0.000000 0.013975
v -0.081810 -0.000975 0.013957
v -0.081531 -0.001913 0.013901
v -0.081077 -0.002778 0.013811
v -0.080468 -0.003536 0.013690
v -0.079724 -0.004157 0.013542
v -0.078877 -0.004619 0.013373
v -0.077957 -0.004904 0.013190
v -0.077975 0.004904 0.013000
v -0.078913 0.004619 0.013000
v -0.079778 0.004157 0.013000
v -0.080536 0.003536 0.013000
v -0.081157 0.002778 0.013000
v -0.081619 0.001913 0.013000
v -0.081904 0.000975 0.013000
v -0.082000 0.000000 0.013000
v -0.081904 -0.000975 0.013000
v -0.081619 -0.001913 0.013000
v -0.081157 -0.002778 0.013000
v -0.080536 -0.003536 0.013000
v -0.079778 -0.004157 0.013000
v -0.078913 -0.004619 0.013000
v -0.077975 -0.004904 0.013000
v -0.077957 0.004904 0.012810
v -0.078877 0.004619 0.012627
v -0.079724 0.004157 0.012458
v -0.080468 0.003536 0.012310
v -0.081077 0.002778 0.012189
v -0.081531 0.001913 0.012099
v -0.081810 0.000975 0.012043
v -0.081904 0.000000 0.012025
v -0.081810 -0.000975 0.012043
v -0.081531 -0.001913 0.012099
v -0.081077 -0.002778 0.012189
v -0.080468 -0.003536 0.012310
v -0.079724 -0.004157 0.012458
v -0.078877 -0.004619 0.012627
v -0.077957 -0.004904 0.012810
v -0.077901 0.004904 0.012627
v -0.078768 0.004619 0.012268
v -0.079566 0.004157 0.011937
v -0.080266 0.003536 0.011647
v -0.080841 0.002778 0.011409
v -0.081268 0.001913 0.011232
v -0.081531 0.000975 0.011123
v -0.081619 0.000000 0.011087
v -0.081531 -0.000975 0.011123
v -0.081268 -0.001913 0.011232
v -0.080841 -0.002778 0.011409
v -0.080266 -0.003536 0.011647
v -0.079566 -0.004157 0.011937
v -0.078768 -0.004619 0.012268
v -0.077901 -0.004904 0.012627
v -0.077811 0.004904 0.012458
v -0.078591 0.004619 0.011937
v -0.079310 0.004157 0.011457
v -0.079940 0.003536 0.011036
v -0.080457 0.002778 0.010690
v -0.080841 0.001913 0.010434
v -0.081077 0.000975 0.010276
v -0.081157 0.000000 0.010222
v -0.081077 -0.000975 0.010276
v -0.080841 -0.001913 0.010434
v -0.080457 -0.002778 0.010690
v -0.079940 -0.003536 0.011036
v -0.079310 -0.004157 0.011457
v -0.078591 -0.004619 0.011937
v -0.077811 -0.004904 0.012458
v -0.077690 0.004904 0.012310
v -0.078353 0.004619 0.011647
v -0.078964 0.004157 0.011036
v -0.079500 0.003536 0.010500
v -0.079940 0.002778 0.010060
v -0.080266 0.001913 0.009734
v -0.080468 0.000975 0.009532
v -0.080536 0.000000 0.009464
v -0.080468 -0.000975 0.009532
v -0.080266 -0.001913 0.009734
v -0.079940 -0.002778 0.010060
v -0.079500 -0.003536 0.010500
v -0.078964 -0.004157 0.011036
v -0.078353 -0.004619 0.011647
v -0.077690 -0.004904 0.012310
v -0.077542 0.004904 0.012189
v -0.078063 0.004619 0.011409
v -0.078543 0.004157 0.010690
v -0.078964 0.003536 0.010060
v -0.079310 0.002778 0.009543
v -0.079566 0.001913 0.009159
v -0.079724 0.000975 0.008923
v -0.079778 0.000000 0.008843
v -0.079724 -0.000975 0.008923
v -0.079566 -0.001913 0.009159
v -0.079310 -0.002778 0.009543
v -0.078964 -0.003536 0.010060
v -0.078543 -0.004157 0.010690
v -0.078063 -0.004619 0.011409
v -0.077542 -0.004904 0.012189
v -0.077373 0.004904 0.012099
v -0.077732 0.004619 0.011232
v -0.078063 0.004157 0.010434
v -0.078353 0.003536 0.009734
v -0.078591 0.002778 0.009159
v -0.078768 0.001913 0.008732
v -0.078877 0.000975 0.008469
v -0.078913 0.000000 0.008381
v -0.078877 -0.000975 0.008469
v -0.078768 -0.001913 0.008732
v -0.078591 -0.002778 0.009159
v -0.078353 -0.003536 0.009734
v -0.078063 -0.004157 0.010434
v -0.077732 -0.004619 0.011232
v -0.077373 -0.004904 0.012099
v -0.077190 0.004904 0.012043
v -0.077373 0.004619 0.011123
v -0.077542 0.004157 0.010276
v -0.077690 0.003536 0.009532
v -0.077811 0.002778 0.008923
v -0.077901 0.001913 0.008469
v -0.077957 0.000975 0.008190
v -0.077975 0.000000 0.008096
v -0.077957 -0.000975 0.008190
v -0.077901 -0.001913 0.008469
v -0.077811 -0.002778 0.008923
v -0.077690 -0.003536 0.009532
v -0.077542 -0.004157 0.010276
v -0.077373 -0.004619 0.011123
v -0.077190 -0.004904 0.012043
v -0.077000 0.004904 0.012025
v -0.077000 0.004619 0.011087
v -0.077000 0.003536 0.009464
v -0.077000 0.001913 0.008381
v -0.077000 -0.001913 0.008381
v -0.077000 -0.003536 0.009464
v -0.077000 -0.004157 0.010222
v -0.077000 -0.004619 0.011087
v -0.077000 -0.004904 0.012025
vn 0.0938 -0.2890 -0.9527
vn 0.0464 0.8810 -0.4709
vn 0.0865 -0.4696 -0.8786
vn 0.0624 0.7715 -0.6332
vn 0.0759 -0.6326 -0.7708
vn 0.0759 0.6326 -0.7708
vn 0.0624 -0.7715 -0.6332
vn 0.0865 0.4696 -0.8786
vn 0.0464 -0.8810 -0.4709
vn 0.0938 0.2890 -0.9527
vn 0.0286 -0.9565 -0.2902
vn 0.0975 0.0975 -0.9904
vn 0.0097 0.9951 -0.0980
vn 0.0097 -0.9951 -0.0980
vn 0.0975 -0.0975 -0.9904
vn 0.0286 0.9565 -0.2902
vn 0.0286 -0.9951 -0.0942
vn 0.2889 -0.0976 -0.9524
vn 0.0846 0.9565 -0.2790
vn 0.2779 -0.2890 -0.9161
vn 0.1374 0.8810 -0.4528
vn 0.2563 -0.4696 -0.8448
vn 0.1847 0.7715 -0.6088
vn 0.2248 -0.6326 -0.7412
vn 0.2248 0.6326 -0.7412
vn 0.1847 -0.7715 -0.6088
vn 0.2563 0.4696 -0.8448
vn 0.1374 -0.8810 -0.4528
vn 0.2779 0.2890 -0.9161
vn 0.0846 -0.9565 -0.2790
vn 0.2889 0.0976 -0.9524
vn 0.0286 0.9951 -0.0942
vn 0.2999 -0.7715 -0.5611
vn 0.4162 0.4696 -0.7786
vn 0.2230 -0.8810 -0.4173
vn 0.4513 0.2890 -0.8443
vn 0.1374 -0.9565 -0.2571
vn 0.4691 0.0975 -0.8777
vn 0.0464 0.9951 -0.0869
vn 0.0464 -0.9951 -0.0869
vn 0.4691 -0.0975 -0.8777
vn 0.1374 0.9565 -0.2571
vn 0.4513 -0.2890 -0.8443
vn 0.2230 0.8810 -0.4173
vn 0.4162 -0.4696 -0.7786
vn 0.2999 0.7715 -0.5611
vn 0.3651 -0.6326 -0.6831
vn 0.3651 0.6326 -0.6831
vn 0.1850 0.9565 -0.2254
vn 0.6073 -0.2890 -0.7400
vn 0.3002 0.8810 -0.3658
vn 0.5601 -0.4696 -0.6825
vn 0.4036 0.7715 -0.4918
vn 0.4913 -0.6326 -0.5987
vn 0.4913 0.6326 -0.5987
vn 0.4036 -0.7715 -0.4918
vn 0.5601 0.4696 -0.6825
vn 0.3002 -0.8810 -0.3658
vn 0.6073 0.2890 -0.7400
vn 0.1850 -0.9565 -0.2254
vn 0.6314 0.0975 -0.7693
vn 0.0625 0.9951 -0.0761
vn 0.0625 -0.9951 -0.0761
vn 0.6314 -0.0975 -0.7693
vn 0.6825 0.4696 -0.5601
vn 0.3658 -0.8810 -0.3002
vn 0.7400 0.2890 -0.6073
vn 0.2254 -0.9565 -0.1850
vn 0.7693 0.0975 -0.6314
vn 0.0761 0.9951 -0.0625
vn 0.0761 -0.9951 -0.0625
vn 0.7693 -0.0975 -0.6314
vn 0.2254 0.9565 -0.1850
vn 0.7400 -0.2890 -0.6073
vn 0.3658 0.8810 -0.3002
vn 0.6825 -0.4696 -0.5601
vn 0.4918 0.7715 -0.4036
vn 0.5987 -0.6326 -0.4913
vn 0.5987 0.6326 -0.4913
vn 0.4918 -0.7715 -0.4036
vn 0.8443 -0.2890 -0.4513
vn 0.4173 0.8810 -0.2230
vn 0.7786 -0.4696 -0.4162
vn 0.5611 0.7715 -0.2999
vn 0.6831 -0.6326 -0.3651
vn 0.6831 0.6326 -0.3651
vn 0.5611 -0.7715 -0.2999
vn 0.7786 0.4696 -0.4162
vn 0.4173 -0.8810 -0.2230
vn 0.8443 0.2890 -0.4513
vn 0.2571 -0.9565 -0.1374
vn 0.8777 0.0975 -0.4691
vn 0.0869 0.9951 -0.0464
vn 0.0869 -0.9951 -0.0464
vn 0.8777 -0.0975 -0.4691
vn 0.2571 0.9565 -0.1374
vn 0.4528 -0.8810 -0.1374
vn 0.9161 0.2890 -0.2779
vn 0.2790 -0.9565 -0.0846
vn 0.9524 0.0975 -0.2889
vn 0.0942 0.9951 -0.0286
vn 0.0942 -0.9951 -0.0286
vn 0.9524 -0.0975 -0.2889
vn 0.2790 0.9565 -0.0846
vn 0.9161 -0.2890 -0.2779
vn 0.4528 0.8810 -0.1374
vn 0.8448 -0.4696 -0.2563
vn 0.6088 0.7715 -0.1847
vn 0.7412 -0.6326 -0.2248
vn 0.7412 0.6326 -0.2248
vn 0.6088 -0.7715 -0.1847
vn 0.8448 0.4696 -0.2563
vn 0.4709 0.8810 -0.0464
vn 0.8786 -0.4696 -0.0865
vn 0.6332 0.7715 -0.0624
vn 0.7708 -0.6326 -0.0759
vn 0.7708 0.6326 -0.0759
vn 0.6332 -0.7715 -0.0624
vn 0.8786 0.4696 -0.0865
vn 0.4709 -0.8810 -0.0464
vn 0.9527 0.2890 -0.0938
vn 0.2902 -0.9565 -0.0286
vn 0.9904 0.0975 -0.0975
vn 0.0980 0.9951 -0.0097
vn 0.0980 -0.9951 -0.0097
vn 0.9904 -0.0975 -0.0975
vn 0.2902 0.9565 -0.0286
vn 0.9527 -0.2890 -0.0938
vn 0.9527 0.2890 0.0938
vn 0.2902 -0.9565 0.0286
vn 0.9904 0.0975 0.0976
vn 0.0980 0.9951 0.0097
vn 0.0980 -0.9951 0.0097
vn 0.9904 -0.0975 0.0976
vn 0.2902 0.9565 0.0286
vn 0.9527 -0.2890 0.0938
vn 0.4709 0.8810 0.0464
vn 0.8786 -0.4696 0.0865
vn 0.6332 0.7715 0.0624
vn 0.7708 -0.6326 0.0759
vn 0.7708 0.6326 0.0759
vn 0.6332 -0.7715 0.0624
vn 0.8786 0.4696 0.0865
vn 0.4709 -0.8810 0.0464
vn 0.8448 -0.4696 0.2563
vn 0.6088 0.7715 0.1847
vn 0.7412 -0.6326 0.2248
vn 0.7412 0.6326 0.2248
vn 0.6088 -0.7715 0.1847
vn 0.8448 0.4696 0.2563
vn 0.4528 -0.8810 0.1374
vn 0.9161 0.2890 0.2779
vn 0.2790 -0.9565 0.0846
vn 0.9524 0.0975 0.2889
vn 0.0942 0.9951 0.0286
vn 0.0942 -0.9951 0.0286
vn 0.9524 -0.0975 0.2889
vn 0.2790 0.9565 0.0846
vn 0.9161 -0.2890 0.2779
vn 0.4528 0.8810 0.1374
vn 0.2571 -0.9565 0.1374
vn 0.8777 0.0975 0.4691
vn 0.0869 0.9951 0.0464
vn 0.0869 -0.9951 0.0464
vn 0.8777 -0.0975 0.4691
vn 0.2571 0.9565 0.1374
vn 0.8443 -0.2890 0.4513
vn 0.4173 0.8810 0.2230
vn 0.7786 -0.4696 0.4162
vn 0.5611 0.7715 0.2999
vn 0.6831 -0.6326 0.3651
vn 0.6831 0.6326 0.3651
vn 0.5611 -0.7715 0.2999
vn 0.7786 0.4696 0.4162
vn 0.4173 -0.8810 0.2230
vn 0.8443 0.2890 0.4513
vn 0.5987 -0.6326 0.4913
vn 0.5987 0.6326 0.4913
vn 0.4918 -0.7715 0.4036
vn 0.6825 0.4696 0.5601
vn 0.3658 -0.8810 0.3002
vn 0.7400 0.2890 0.6073
vn 0.2254 -0.9565 0.1850
vn 0.7693 0.0975 0.6314
vn 0.0761 0.9951 0.0625
vn 0.0761 -0.9951 0.0625
vn 0.7693 -0.0975 0.6314
vn 0.2254 0.9565 0.1850
vn 0.7400 -0.2890 0.6073
vn 0.3658 0.8810 0.3002
vn 0.6825 -0.4696 0.5601
vn 0.4918 0.7715 0.4036
vn 0.0625 0.9951 0.0761
vn 0.0625 -0.9951 0.0761
vn 0.6314 -0.0975 0.7693
vn 0.1850 0.9565 0.2254
vn 0.6073 -0.2890 0.7400
vn 0.3002 0.8810 0.3658
vn 0.5601 -0.4696 0.6825
vn 0.4036 0.7715 0.4918
vn 0.4913 -0.6326 0.5987
vn 0.4913 0.6326 0.5987
vn 0.4036 -0.7715 0.4918
vn 0.5601 0.4696 0.6825
vn 0.3002 -0.8810 0.3658
vn 0.6073 0.2890 0.7400
vn 0.1850 -0.9565 0.2254
vn 0.6314 0.0975 0.7693
vn 0.3651 0.6326 0.6831
vn 0.2999 -0.7715 0.5611
vn 0.4162 0.4696 0.7786
vn 0.2230 -0.8810 0.4173
vn 0.4513 0.2890 0.8443
vn 0.1374 -0.9565 0.2571
vn 0.4691 0.0975 0.8777
vn 0.0464 0.9951 0.0869
vn 0.0464 -0.9951 0.0869
vn 0.4691 -0.0975 0.8777
vn 0.1374 0.9565 0.2571
vn 0.4513 -0.2890 0.8443
vn 0.2230 0.8810 0.4173
vn 0.4162 -0.4696 0.7786
vn 0.2999 0.7715 0.5611
vn 0.3651 -0.6326 0.6831
vn 0.2889 -0.0975 0.9524
vn 0.0846 0.9565 0.2790
vn 0.2779 -0.2890 0.9161
vn 0.1374 0.8810 0.4528
vn 0.2563 -0.4696 0.8448
vn 0.1847 0.7715 0.6088
vn 0.2248 -0.6326 0.7412
vn 0.2248 0.6326 0.7412
vn 0.1847 -0.7715 0.6088
vn 0.2563 0.4696 0.8448
vn 0.1374 -0.8810 0.4528
vn 0.2779 0.2890 0.9161
vn 0.0846 -0.9565 0.2790
vn 0.2889 0.0975 0.9524
vn 0.0286 0.9951 0.0942
vn 0.0286 -0.9951 0.0942
vn 0.0624 -0.7715 0.6332
vn 0.0865 0.4696 0.8786
vn 0.0464 -0.8810 0.4709
vn 0.0938 0.2890 0.9527
vn 0.0286 -0.9565 0.2902
vn 0.0975 0.0975 0.9904
vn 0.0097 0.9951 0.0980
vn 0.0097 -0.9951 0.0980
vn 0.0975 -0.0975 0.9904
vn 0.0286 0.9565 0.2902
vn 0.0938 -0.2890 0.9527
vn 0.0464 0.8810 0.4709
vn 0.0865 -0.4696 0.8786
vn 0.0624 0.7715 0.6332
vn 0.0759 -0.6326 0.7708
vn 0.0759 0.6326 0.7708
vn -0.0286 0.9565 0.2902
vn -0.0938 -0.2890 0.9527
vn -0.0464 0.8810 0.4709
vn -0.0865 -0.4696 0.8786
vn -0.0624 0.7715 0.6332
vn -0.0759 -0.6326 0.7708
vn -0.0759 0.6326 0.7708
vn -0.0624 -0.7715 0.6332
vn -0.0865 0.4696 0.8786
vn -0.0464 -0.8810 0.4709
vn -0.0938 0.2890 0.9527
vn -0.0286 -0.9565 0.2902
vn -0.0976 0.0975 0.9904
vn -0.0097 0.9951 0.0980
vn -0.0097 -0.9951 0.0980
vn -0.0976 -0.0975 0.9904
vn -0.2563 0.4696 0.8448
vn -0.1374 -0.8810 0.4528
vn -0.2779 0.2890 0.9161
vn -0.0846 -0.9565 0.2790
vn -0.2889 0.0975 0.9524
vn -0.0286 0.9951 0.0942
vn -0.0286 -0.9951 0.0942
vn -0.2889 -0.0975 0.9524
vn -0.0846 0.9565 0.2790
vn -0.2779 -0.2890 0.9161
vn -0.1374 0.8810 0.4528
vn -0.2563 -0.4696 0.8448
vn -0.1847 0.7715 0.6088
vn -0.2248 -0.6326 0.7412
vn -0.2248 0.6326 0.7412
vn -0.1847 -0.7715 0.6088
vn -0.4513 -0.2890 0.8443
vn -0.2230 0.8810 0.4173
vn -0.4162 -0.4696 0.7786
vn -0.2999 0.7715 0.5611
vn -0.3651 -0.6326 0.6831
vn -0.3651 0.6326 0.6831
vn -0.2999 -0.7715 0.5611
vn -0.4162 0.4696 0.7786
vn -0.2230 -0.8810 0.4173
vn -0.4513 0.2890 0.8443
vn -0.1374 -0.9565 0.2571
vn -0.4691 0.0975 0.8777
vn -0.0464 0.9951 0.0869
vn -0.0464 -0.9951 0.0869
vn -0.4691 -0.0975 0.8777
vn -0.1374 0.9565 0.2571
vn -0.3002 -0.8810 0.3658
vn -0.6073 0.2890 0.7400
vn -0.1850 -0.9565 0.2254
vn -0.6314 0.0975 0.7693
vn -0.0625 0.9951 0.0761
vn -0.0625 -0.9951 0.0761
vn -0.6314 -0.0975 0.7693
vn -0.1850 0.9565 0.2254
vn -0.6073 -0.2890 0.7400
vn -0.3002 0.8810 0.3658
vn -0.5601 -0.4696 0.6825
vn -0.4036 0.7715 0.4918
vn -0.4913 -0.6326 0.5987
vn -0.4913 0.6326 0.5987
vn -0.4036 -0.7715 0.4918
vn -0.5601 0.4696 0.6825
vn -0.6825 -0.4696 0.5601
vn -0.4918 0.7715 0.4036
vn -0.5987 -0.6326 0.4913
vn -0.5987 0.6326 0.4913
vn -0.4918 -0.7715 0.4036
vn -0.6825 0.4696 0.5601
vn -0.3658 -0.8810 0.3002
vn -0.7400 0.2890 0.6073
vn -0.2254 -0.9565 0.1850
vn -0.7693 0.0975 0.6314
vn -0.0761 0.9951 0.0625
vn -0.0761 -0.9951 0.0625
vn -0.7693 -0.0975 0.6314
vn -0.2254 0.9565 0.1850
vn -0.7400 -0.2890 0.6073
vn -0.3658 0.8810 0.3002
vn -0.2571 -0.9565 0.1374
vn -0.8777 0.0975 0.4691
vn -0.0869 0.9951 0.0464
vn -0.0869 -0.9951 0.0464
vn -0.8777 -0.0975 0.4691
vn -0.2571 0.9565 0.1374
vn -0.8443 -0.2890 0.4513
vn -0.4173 0.8810 0.2230
vn -0.7786 -0.4696 0.4162
vn -0.5611 0.7715 0.2999
vn -0.6831 -0.6326 0.3651
vn -0.6831 0.6326 0.3651
vn -0.5611 -0.7715 0.2999
vn -0.7786 0.4696 0.4162
vn -0.4173 -0.8810 0.2230
vn -0.8443 0.2890 0.4513
vn -0.6088 0.7715 0.1847
vn -0.7412 -0.6326 0.2248
vn -0.7412 0.6326 0.2248
vn -0.6088 -0.7715 0.1847
vn -0.8448 0.4696 0.2563
vn -0.4528 -0.8810 0.1374
vn -0.9161 0.2890 0.2779
vn -0.2790 -0.9565 0.0846
vn -0.9524 0.0975 0.2889
vn -0.0942 0.9951 0.0286
vn -0.0942 -0.9951 0.0286
vn -0.9524 -0.0975 0.2889
vn -0.2790 0.9565 0.0846
vn -0.9161 -0.2890 0.2779
vn -0.4528 0.8810 0.1374
vn -0.8448 -0.4696 0.2563
vn -0.9904 0.0975 0.0975
vn -0.0980 0.9951 0.0097
vn -0.0980 -0.9951 0.0097
vn -0.9904 -0.0975 0.0975
vn -0.2902 0.9565 0.0286
vn -0.9527 -0.2890 0.0938
vn -0.4709 0.8810 0.0464
vn -0.8786 -0.4696 0.0865
vn -0.6332 0.7715 0.0624
vn -0.7708 -0.6326 0.0759
vn -0.7708 0.6326 0.0759
vn -0.6332 -0.7715 0.0624
vn -0.8786 0.4696 0.0865
vn -0.4709 -0.8810 0.0464
vn -0.9527 0.2890 0.0938
vn -0.2902 -0.9565 0.0286
vn -0.7708 -0.6326 -0.0759
vn -0.7708 0.6326 -0.0759
vn -0.6332 -0.7715 -0.0624
vn -0.8786 0.4696 -0.0865
vn -0.4709 -0.8810 -0.0464
vn -0.9527 0.2890 -0.0938
vn -0.2902 -0.9565 -0.0286
vn -0.9904 0.0975 -0.0976
vn -0.0980 0.9951 -0.0097
vn -0.0980 -0.9951 -0.0097
vn -0.9904 -0.0975 -0.0976
vn -0.2902 0.9565 -0.0286
vn -0.9527 -0.2890 -0.0938
vn -0.4709 0.8810 -0.0464
vn -0.8786 -0.4696 -0.0865
vn -0.6332 0.7715 -0.0624
vn -0.0942 0.9951 -0.0286
vn -0.0942 -0.9951 -0.0286
vn -0.9524 -0.0975 -0.2889
vn -0.2790 0.9565 -0.0846
vn -0.9161 -0.2890 -0.2779
vn -0.4528 0.8810 -0.1374
vn -0.8448 -0.4696 -0.2563
vn -0.6088 0.7715 -0.1847
vn -0.7412 -0.6326 -0.2248
vn -0.7412 0.6326 -0.2248
vn -0.6088 -0.7715 -0.1847
vn -0.8448 0.4696 -0.2563
vn -0.4528 -0.8810 -0.1374
vn -0.9161 0.2890 -0.2779
vn -0.2790 -0.9565 -0.0846
vn -0.9524 0.0975 -0.2889
vn -0.6831 0.6326 -0.3651
vn -0.5611 -0.7715 -0.2999
vn -0.7786 0.4696 -0.4162
vn -0.4173 -0.8810 -0.2231
vn -0.8443 0.2890 -0.4513
vn -0.2571 -0.9565 -0.1374
vn -0.8777 0.0975 -0.4691
vn -0.0869 0.9951 -0.0464
vn -0.0869 -0.9951 -0.0464
vn -0.8777 -0.0975 -0.4691
vn -0.2571 0.9565 -0.1374
vn -0.8443 -0.2890 -0.4513
vn -0.4173 0.8810 -0.2231
vn -0.7786 -0.4696 -0.4162
vn -0.5611 0.7715 -0.2999
vn -0.6831 -0.6326 -0.3651
vn -0.7693 -0.0975 -0.6314
vn -0.2254 0.9565 -0.1850
vn -0.7400 -0.2890 -0.6073
vn -0.3658 0.8810 -0.3002
vn -0.6825 -0.4696 -0.5601
vn -0.4918 0.7715 -0.4036
vn -0.5987 -0.6326 -0.4913
vn -0.5987 0.6326 -0.4913
vn -0.4918 -0.7715 -0.4036
vn -0.6825 0.4696 -0.5601
vn -0.3658 -0.8810 -0.3002
vn -0.7400 0.2890 -0.6073
vn -0.2254 -0.9565 -0.1850
vn -0.7693 0.0975 -0.6314
vn -0.0761 0.9951 -0.0625
vn -0.0761 -0.9951 -0.0625
vn -0.4036 -0.7715 -0.4918
vn -0.5601 0.4696 -0.6825
vn -0.3002 -0.8810 -0.3658
vn -0.6073 0.2890 -0.7400
vn -0.1850 -0.9565 -0.2254
vn -0.6314 0.0975 -0.7693
vn -0.0625 0.9951 -0.0761
vn -0.0625 -0.9951 -0.0761
vn -0.6314 -0.0975 -0.7693
vn -0.1850 0.9565 -0.2254
vn -0.6073 -0.2890 -0.7400
vn -0.3002 0.8810 -0.3658
vn -0.5601 -0.4696 -0.6825
vn -0.4036 0.7715 -0.4918
vn -0.4913 -0.6326 -0.5987
vn -0.4913 0.6326 -0.5987
vn -0.4513 -0.2890 -0.8443
vn -0.2230 0.8810 -0.4173
vn -0.4162 -0.4696 -0.7786
vn -0.2999 0.7715 -0.5611
vn -0.3651 -0.6326 -0.6831
vn -0.3651 0.6326 -0.6831
vn -0.2999 -0.7715 -0.5611
vn -0.4162 0.4696 -0.7786
vn -0.2230 -0.8810 -0.4173
vn -0.4513 0.2890 -0.8443
vn -0.1374 -0.9565 -0.2571
vn -0.4691 0.0975 -0.8777
vn -0.0464 0.9951 -0.0869
vn -0.0464 -0.9951 -0.0869
vn -0.4691 -0.0975 -0.8777
vn -0.1374 0.9565 -0.2571
vn -0.1374 -0.8810 -0.4528
vn -0.2779 0.2890 -0.9161
vn -0.0846 -0.9565 -0.2790
vn -0.2889 0.0975 -0.9524
vn -0.0286 0.9951 -0.0942
vn -0.0286 -0.9951 -0.0942
vn -0.2889 -0.0975 -0.9524
vn -0.0846 0.9565 -0.2790
vn -0.2779 -0.2890 -0.9161
vn -0.1374 0.8810 -0.4528
vn -0.2563 -0.4696 -0.8448
vn -0.1847 0.7715 -0.6088
vn -0.2248 -0.6326 -0.7412
vn -0.2248 0.6326 -0.7412
vn -0.1847 -0.7715 -0.6088
vn -0.2563 0.4696 -0.8448
vn -0.0464 0.8810 -0.4709
vn -0.0865 -0.4696 -0.8786
vn -0.0624 0.7715 -0.6332
vn -0.0759 -0.6326 -0.7708
vn -0.0759 0.6326 -0.7708
vn -0.0624 -0.7715 -0.6332
vn -0.0865 0.4696 -0.8786
vn -0.0464 -0.8810 -0.4709
vn -0.0938 0.2890 -0.9527
vn -0.0286 -0.9565 -0.2902
vn -0.0976 0.0975 -0.9904
vn -0.0097 0.9951 -0.0980
vn -0.0097 -0.9951 -0.0980
vn -0.0976 -0.0975 -0.9904
vn -0.0286 0.9565 -0.2902
vn -0.0938 -0.2890 -0.9527
vt 0.750000 0.375000
vt 0.750000 0.437500
vt 0.718750 0.437500
vt 0.718750 0.375000
vt 0.750000 0.812500
vt 0.750000 0.875000
vt 0.718750 0.875000
vt 0.718750 0.812500
vt 0.750000 0.312500
vt 0.718750 0.312500
vt 0.750000 0.750000
vt 0.718750 0.750000
vt 0.750000 0.250000
vt 0.718750 0.250000
vt 0.750000 0.687500
vt 0.718750 0.687500
vt 0.750000 0.187500
vt 0.718750 0.187500
vt 0.750000 0.625000
vt 0.718750 0.625000
vt 0.750000 0.125000
vt 0.718750 0.125000
vt 0.750000 0.562500
vt 0.718750 0.562500
vt 0.750000 0.062500
vt 0.718750 0.062500
vt 0.750000 0.500000
vt 0.718750 0.500000
vt 0.750000 0.937500
vt 0.734375 1.000000
vt 0.718750 0.937500
vt 0.734375 0.000000
vt 0.703125 0.000000
vt 0.687500 0.062500
vt 0.687500 0.500000
vt 0.687500 0.437500
vt 0.687500 0.937500
vt 0.687500 0.875000
vt 0.687500 0.375000
vt 0.687500 0.812500
vt 0.687500 0.312500
vt 0.687500 0.750000
vt 0.687500 0.250000
vt 0.687500 0.687500
vt 0.687500 0.187500
vt 0.687500 0.625000
vt 0.687500 0.125000
vt 0.687500 0.562500
vt 0.703125 1.000000
vt 0.656250 0.250000
vt 0.656250 0.187500
vt 0.656250 0.687500
vt 0.656250 0.625000
vt 0.656250 0.125000
vt 0.656250 0.562500
vt 0.656250 0.062500
vt 0.656250 0.500000
vt 0.671875 1.000000
vt 0.656250 0.937500
vt 0.671875 0.000000
vt 0.656250 0.437500
vt 0.656250 0.875000
vt 0.656250 0.375000
vt 0.656250 0.812500
vt 0.656250 0.312500
vt 0.656250 0.750000
vt 0.625000 0.937500
vt 0.625000 0.875000
vt 0.625000 0.437500
vt 0.625000 0.375000
vt 0.625000 0.812500
vt 0.625000 0.312500
vt 0.625000 0.750000
vt 0.625000 0.250000
vt 0.625000 0.687500
vt 0.625000 0.187500
vt 0.625000 0.625000
vt 0.625000 0.125000
vt 0.625000 0.562500
vt 0.625000 0.062500
vt 0.625000 0.500000
vt 0.640625 1.000000
vt 0.640625 0.000000
vt 0.593750 0.687500
vt 0.593750 0.625000
vt 0.593750 0.187500
vt 0.593750 0.125000
vt 0.593750 0.562500
vt 0.593750 0.062500
vt 0.593750 0.500000
vt 0.609375 1.000000
vt 0.593750 0.937500
vt 0.609375 0.000000
vt 0.593750 0.437500
vt 0.593750 0.875000
vt 0.593750 0.375000
vt 0.593750 0.812500
vt 0.593750 0.312500
vt 0.593750 0.750000
vt 0.593750 0.250000
vt 0.562500 0.437500
vt 0.562500 0.375000
vt 0.562500 0.875000
vt 0.562500 0.812500
vt 0.562500 0.312500
vt 0.562500 0.750000
vt 0.562500 0.250000
vt 0.562500 0.687500
vt 0.562500 0.187500
vt 0.562500 0.625000
vt 0.562500 0.125000
vt 0.562500 0.562500
vt 0.562500 0.062500
vt 0.562500 0.500000
vt 0.578125 1.000000
vt 0.562500 0.937500
vt 0.578125 0.000000
vt 0.531250 0.187500
vt 0.531250 0.125000
vt 0.531250 0.625000
vt 0.531250 0.562500
vt 0.531250 0.062500
vt 0.531250 0.500000
vt 0.546875 1.000000
vt 0.531250 0.937500
vt 0.546875 0.000000
vt 0.531250 0.437500
vt 0.531250 0.875000
vt 0.531250 0.375000
vt 0.531250 0.812500
vt 0.531250 0.312500
vt 0.531250 0.750000
vt 0.531250 0.250000
vt 0.531250 0.687500
vt 0.500000 0.875000
vt 0.500000 0.812500
vt 0.500000 0.375000
vt 0.500000 0.312500
vt 0.500000 0.750000
vt 0.500000 0.250000
vt 0.500000 0.687500
vt 0.500000 0.187500
vt 0.500000 0.625000
vt 0.500000 0.125000
vt 0.500000 0.562500
vt 0.500000 0.062500
vt 0.500000 0.500000
vt 0.515625 1.000000
vt 0.500000 0.937500
vt 0.515625 0.000000
vt 0.500000 0.437500
vt 0.468750 0.625000
vt 0.468750 0.562500
vt 0.468750 0.125000
vt 0.468750 0.062500
vt 0.468750 0.500000
vt 0.484375 1.000000
vt 0.468750 0.937500
vt 0.484375 0.000000
vt 0.468750 0.437500
vt 0.468750 0.875000
vt 0.468750 0.375000
vt 0.468750 0.812500
vt 0.468750 0.312500
vt 0.468750 0.750000
vt 0.468750 0.250000
vt 0.468750 0.687500
vt 0.468750 0.187500
vt 0.437500 0.375000
vt 0.437500 0.312500
vt 0.437500 0.812500
vt 0.437500 0.750000
vt 0.437500 0.250000
vt 0.437500 0.687500
vt 0.437500 0.187500
vt 0.437500 0.625000
vt 0.437500 0.125000
vt 0.437500 0.562500
vt 0.437500 0.062500
vt 0.437500 0.500000
vt 0.453125 1.000000
vt 0.437500 0.937500
vt 0.453125 0.000000
vt 0.437500 0.437500
vt 0.437500 0.875000
vt 0.406250 0.125000
vt 0.406250 0.062500
vt 0.406250 0.562500
vt 0.406250 0.500000
vt 0.421875 1.000000
vt 0.406250 0.937500
vt 0.421875 0.000000
vt 0.406250 0.437500
vt 0.406250 0.875000
vt 0.406250 0.375000
vt 0.406250 0.812500
vt 0.406250 0.312500
vt 0.406250 0.750000
vt 0.406250 0.250000
vt 0.406250 0.687500
vt 0.406250 0.187500
vt 0.406250 0.625000
vt 0.375000 0.312500
vt 0.375000 0.250000
vt 0.375000 0.750000
vt 0.375000 0.687500
vt 0.375000 0.187500
vt 0.375000 0.625000
vt 0.375000 0.125000
vt 0.375000 0.562500
vt 0.375000 0.062500
vt 0.375000 0.500000
vt 0.390625 1.000000
vt 0.375000 0.937500
vt 0.390625 0.000000
vt 0.375000 0.437500
vt 0.375000 0.875000
vt 0.375000 0.375000
vt 0.375000 0.812500
vt 0.359375 1.000000
vt 0.343750 0.937500
vt 0.359375 0.000000
vt 0.343750 0.062500
vt 0.343750 0.500000
vt 0.343750 0.437500
vt 0.343750 0.875000
vt 0.343750 0.375000
vt 0.343750 0.812500
vt 0.343750 0.312500
vt 0.343750 0.750000
vt 0.343750 0.250000
vt 0.343750 0.687500
vt 0.343750 0.187500
vt 0.343750 0.625000
vt 0.343750 0.125000
vt 0.343750 0.562500
vt 0.312500 0.750000
vt 0.312500 0.687500
vt 0.312500 0.250000
vt 0.312500 0.187500
vt 0.312500 0.625000
vt 0.312500 0.125000
vt 0.312500 0.562500
vt 0.312500 0.062500
vt 0.312500 0.500000
vt 0.328125 1.000000
vt 0.312500 0.937500
vt 0.328125 0.000000
vt 0.312500 0.437500
vt 0.312500 0.875000
vt 0.312500 0.375000
vt 0.312500 0.812500
vt 0.312500 0.312500
vt 0.281250 0.500000
vt 0.281250 0.437500
vt 0.281250 0.937500
vt 0.281250 0.875000
vt 0.281250 0.375000
vt 0.281250 0.812500
vt 0.281250 0.312500
vt 0.281250 0.750000
vt 0.281250 0.250000
vt 0.281250 0.687500
vt 0.281250 0.187500
vt 0.281250 0.625000
vt 0.281250 0.125000
vt 0.281250 0.562500
vt 0.281250 0.062500
vt 0.296875 1.000000
vt 0.296875 0.000000
vt 0.250000 0.250000
vt 0.250000 0.187500
vt 0.250000 0.687500
vt 0.250000 0.625000
vt 0.250000 0.125000
vt 0.250000 0.562500
vt 0.250000 0.062500
vt 0.250000 0.500000
vt 0.265625 1.000000
vt 0.250000 0.937500
vt 0.265625 0.000000
vt 0.250000 0.437500
vt 0.250000 0.875000
vt 0.250000 0.375000
vt 0.250000 0.812500
vt 0.250000 0.312500
vt 0.250000 0.750000
vt 0.218750 0.937500
vt 0.218750 0.875000
vt 0.218750 0.437500
vt 0.218750 0.375000
vt 0.218750 0.812500
vt 0.218750 0.312500
vt 0.218750 0.750000
vt 0.218750 0.250000
vt 0.218750 0.687500
vt 0.218750 0.187500
vt 0.218750 0.625000
vt 0.218750 0.125000
vt 0.218750 0.562500
vt 0.218750 0.062500
vt 0.218750 0.500000
vt 0.234375 1.000000
vt 0.234375 0.000000
vt 0.187500 0.687500
vt 0.187500 0.625000
vt 0.187500 0.187500
vt 0.187500 0.125000
vt 0.187500 0.562500
vt 0.187500 0.062500
vt 0.187500 0.500000
vt 0.203125 1.000000
vt 0.187500 0.937500
vt 0.203125 0.000000
vt 0.187500 0.437500
vt 0.187500 0.875000
vt 0.187500 0.375000
vt 0.187500 0.812500
vt 0.187500 0.312500
vt 0.187500 0.750000
vt 0.187500 0.250000
vt 0.156250 0.437500
vt 0.156250 0.375000
vt 0.156250 0.875000
vt 0.156250 0.812500
vt 0.156250 0.312500
vt 0.156250 0.750000
vt 0.156250 0.250000
vt 0.156250 0.687500
vt 0.156250 0.187500
vt 0.156250 0.625000
vt 0.156250 0.125000
vt 0.156250 0.562500
vt 0.156250 0.062500
vt 0.156250 0.500000
vt 0.171875 1.000000
vt 0.156250 0.937500
vt 0.171875 0.000000
vt 0.125000 0.187500
vt 0.125000 0.125000
vt 0.125000 0.625000
vt 0.125000 0.562500
vt 0.125000 0.062500
vt 0.125000 0.500000
vt 0.140625 1.000000
vt 0.125000 0.937500
vt 0.140625 0.000000
vt 0.125000 0.437500
vt 0.125000 0.875000
vt 0.125000 0.375000
vt 0.125000 0.812500
vt 0.125000 0.312500
vt 0.125000 0.750000
vt 0.125000 0.250000
vt 0.125000 0.687500
vt 0.093750 0.375000
vt 0.093750 0.312500
vt 0.093750 0.812500
vt 0.093750 0.750000
vt 0.093750 0.250000
vt 0.093750 0.687500
vt 0.093750 0.187500
vt 0.093750 0.625000
vt 0.093750 0.125000
vt 0.093750 0.562500
vt 0.093750 0.062500
vt 0.093750 0.500000
vt 0.109375 1.000000
vt 0.093750 0.937500
vt 0.109375 0.000000
vt 0.093750 0.437500
vt 0.093750 0.875000
vt 0.062500 0.125000
vt 0.062500 0.062500
vt 0.062500 0.562500
vt 0.062500 0.500000
vt 0.078125 1.000000
vt 0.062500 0.937500
vt 0.078125 0.000000
vt 0.062500 0.437500
vt 0.062500 0.875000
vt 0.062500 0.375000
vt 0.062500 0.812500
vt 0.062500 0.312500
vt 0.062500 0.750000
vt 0.062500 0.250000
vt 0.062500 0.687500
vt 0.062500 0.187500
vt 0.062500 0.625000
vt 0.031250 0.812500
vt 0.031250 0.750000
vt 0.031250 0.312500
vt 0.031250 0.250000
vt 0.031250 0.687500
vt 0.031250 0.187500
vt 0.031250 0.625000
vt 0.031250 0.125000
vt 0.031250 0.562500
vt 0.031250 0.062500
vt 0.031250 0.500000
vt 0.046875 1.000000
vt 0.031250 0.937500
vt 0.046875 0.000000
vt 0.031250 0.437500
vt 0.031250 0.875000
vt 0.031250 0.375000
vt 0.000000 0.562500
vt 0.000000 0.500000
vt 0.015625 1.000000
vt 0.000000 0.937500
vt 0.015625 0.000000
vt 0.000000 0.062500
vt 0.000000 0.437500
vt 0.000000 0.875000
vt 0.000000 0.375000
vt 0.000000 0.812500
vt 0.000000 0.312500
vt 0.000000 0.750000
vt 0.000000 0.250000
vt 0.000000 0.687500
vt 0.000000 0.187500
vt 0.000000 0.625000
vt 0.000000 0.125000
vt 1.000000 0.250000
vt 1.000000 0.312500
vt 0.968750 0.312500
vt 0.968750 0.250000
vt 1.000000 0.687500
vt 1.000000 0.750000
vt 0.968750 0.750000
vt 0.968750 0.687500
vt 1.000000 0.187500
vt 0.968750 0.187500
vt 1.000000 0.625000
vt 0.968750 0.625000
vt 1.000000 0.125000
vt 0.968750 0.125000
vt 1.000000 0.562500
vt 0.968750 0.562500
vt 1.000000 0.062500
vt 0.968750 0.062500
vt 1.000000 0.500000
vt 0.968750 0.500000
vt 1.000000 0.937500
vt 0.984375 1.000000
vt 0.968750 0.937500
vt 0.984375 0.000000
vt 1.000000 0.437500
vt 0.968750 0.437500
vt 1.000000 0.875000
vt 0.968750 0.875000
vt 1.000000 0.375000
vt 0.968750 0.375000
vt 1.000000 0.812500
vt 0.968750 0.812500
vt 0.953125 1.000000
vt 0.937500 0.937500
vt 0.953125 0.000000
vt 0.937500 0.062500
vt 0.937500 0.500000
vt 0.937500 0.437500
vt 0.937500 0.875000
vt 0.937500 0.375000
vt 0.937500 0.812500
vt 0.937500 0.312500
vt 0.937500 0.750000
vt 0.937500 0.250000
vt 0.937500 0.687500
vt 0.937500 0.187500
vt 0.937500 0.625000
vt 0.937500 0.125000
vt 0.937500 0.562500
vt 0.906250 0.750000
vt 0.906250 0.687500
vt 0.906250 0.250000
vt 0.906250 0.187500
vt 0.906250 0.625000
vt 0.906250 0.125000
vt 0.906250 0.562500
vt 0.906250 0.062500
vt 0.906250 0.500000
vt 0.921875 1.000000
vt 0.906250 0.937500
vt 0.921875 0.000000
vt 0.906250 0.437500
vt 0.906250 0.875000
vt 0.906250 0.375000
vt 0.906250 0.812500
vt 0.906250 0.312500
vt 0.875000 0.500000
vt 0.875000 0.437500
vt 0.875000 0.937500
vt 0.875000 0.875000
vt 0.875000 0.375000
vt 0.875000 0.812500
vt 0.875000 0.312500
vt 0.875000 0.750000
vt 0.875000 0.250000
vt 0.875000 0.687500
vt 0.875000 0.187500
vt 0.875000 0.625000
vt 0.875000 0.125000
vt 0.875000 0.562500
vt 0.875000 0.062500
vt 0.890625 1.000000
vt 0.890625 0.000000
vt 0.843750 0.250000
vt 0.843750 0.187500
vt 0.843750 0.687500
vt 0.843750 0.625000
vt 0.843750 0.125000
vt 0.843750 0.562500
vt 0.843750 0.062500
vt 0.843750 0.500000
vt 0.859375 1.000000
vt 0.843750 0.937500
vt 0.859375 0.000000
vt 0.843750 0.437500
vt 0.843750 0.875000
vt 0.843750 0.375000
vt 0.843750 0.812500
vt 0.843750 0.312500
vt 0.843750 0.750000
vt 0.812500 0.437500
vt 0.812500 0.375000
vt 0.812500 0.875000
vt 0.812500 0.812500
vt 0.812500 0.312500
vt 0.812500 0.750000
vt 0.812500 0.250000
vt 0.812500 0.687500
vt 0.812500 0.187500
vt 0.812500 0.625000
vt 0.812500 0.125000
vt 0.812500 0.562500
vt 0.812500 0.062500
vt 0.812500 0.500000
vt 0.828125 1.000000
vt 0.812500 0.937500
vt 0.828125 0.000000
vt 0.781250 0.187500
vt 0.781250 0.125000
vt 0.781250 0.625000
vt 0.781250 0.562500
vt 0.781250 0.062500
vt 0.781250 0.500000
vt 0.796875 1.000000
vt 0.781250 0.937500
vt 0.796875 0.000000
vt 0.781250 0.437500
vt 0.781250 0.875000
vt 0.781250 0.375000
vt 0.781250 0.812500
vt 0.781250 0.312500
vt 0.781250 0.750000
vt 0.781250 0.250000
vt 0.781250 0.687500
vt 0.765625 1.000000
vt 0.765625 0.000000
s 0
f 478/1/1 5/2/1 15/3/1 16/4/1
f 1/5/2 475/6/2 8/7/2 9/8/2
f 6/9/3 478/1/3 16/4/3 17/10/3
f 476/11/4 1/5/4 9/8/4 10/12/4
f 479/13/5 6/9/5 17/10/5 18/14/5
f 2/15/6 476/11/6 10/12/6 11/16/6
f 480/17/7 479/13/7 18/14/7 19/18/7
f 477/19/8 2/15/8 11/16/8 12/20/8
f 481/21/9 480/17/9 19/18/9 20/22/9
f 3/23/10 477/19/10 12/20/10 13/24/10
f 482/25/11 481/21/11 20/22/11 21/26/11
f 4/27/12 3/23/12 13/24/12 14/28/12
f 474/29/13 82/30/13 7/31/13
f 308/32/14 482/25/14 21/26/14
f 5/2/15 4/27/15 14/28/15 15/3/15
f 475/6/16 474/29/16 7/31/16 8/7/16
f 308/33/17 21/26/17 36/34/17
f 15/3/18 14/28/18 29/35/18 30/36/18
f 8/7/19 7/31/19 22/37/19 23/38/19
f 16/4/20 15/3/20 30/36/20 31/39/20
f 9/8/21 8/7/21 23/38/21 24/40/21
f 17/10/22 16/4/22 31/39/22 32/41/22
f 10/12/23 9/8/23 24/40/23 25/42/23
f 18/14/24 17/10/24 32/41/24 33/43/24
f 11/16/25 10/12/25 25/42/25 26/44/25
f 19/18/26 18/14/26 33/43/26 34/45/26
f 12/20/27 11/16/27 26/44/27 27/46/27
f 20/22/28 19/18/28 34/45/28 35/47/28
f 13/24/29 12/20/29 27/46/29 28/48/29
f 21/26/30 20/22/30 35/47/30 36/34/30
f 14/28/31 13/24/31 28/48/31 29/35/31
f 7/31/32 82/49/32 22/37/32
f 34/45/33 33/43/33 48/50/33 49/51/33
f 27/46/34 26/44/34 41/52/34 42/53/34
f 35/47/35 34/45/35 49/51/35 50/54/35
f 28/48/36 27/46/36 42/53/36 43/55/36
f 36/34/37 35/47/37 50/54/37 51/56/37
f 29/35/38 28/48/38 43/55/38 44/57/38
f 22/37/39 82/58/39 37/59/39
f 308/60/40 36/34/40 51/56/40
f 30/36/41 29/35/41 44/57/41 45/61/41
f 23/38/42 22/37/42 37/59/42 38/62/42
f 31/39/43 30/36/43 45/61/43 46/63/43
f 24/40/44 23/38/44 38/62/44 39/64/44
f 32/41/45 31/39/45 46/63/45 47/65/45
f 25/42/46 24/40/46 39/64/46 40/66/46
f 33/43/47 32/41/47 47/65/47 48/50/47
f 26/44/48 25/42/48 40/66/48 41/52/48
f 38/62/49 37/59/49 52/67/49 53/68/49
f 46/63/50 45/61/50 60/69/50 61/70/50
f 39/64/51 38/62/51 53/68/51 54/71/51
f 47/65/52 46/63/52 61/70/52 62/72/52
f 40/66/53 39/64/53 54/71/53 55/73/53
f 48/50/54 47/65/54 62/72/54 63/74/54
f 41/52/55 40/66/55 55/73/55 56/75/55
f 49/51/56 48/50/56 63/74/56 64/76/56
f 42/53/57 41/52/57 56/75/57 57/77/57
f 50/54/58 49/51/58 64/76/58 65/78/58
f 43/55/59 42/53/59 57/77/59 58/79/59
f 51/56/60 50/54/60 65/78/60 66/80/60
f 44/57/61 43/55/61 58/79/61 59/81/61
f 37/59/62 82/82/62 52/67/62
f 308/83/63 51/56/63 66/80/63
f 45/61/64 44/57/64 59/81/64 60/69/64
f 57/77/65 56/75/65 71/84/65 72/85/65
f 65/78/66 64/76/66 79/86/66 80/87/66
f 58/79/67 57/77/67 72/85/67 73/88/67
f 66/80/68 65/78/68 80/87/68 81/89/68
f 59/81/69 58/79/69 73/88/69 74/90/69
f 52/67/70 82/91/70 67/92/70
f 308/93/71 66/80/71 81/89/71
f 60/69/72 59/81/72 74/90/72 75/94/72
f 53/68/73 52/67/73 67/92/73 68/95/73
f 61/70/74 60/69/74 75/94/74 76/96/74
f 54/71/75 53/68/75 68/95/75 69/97/75
f 62/72/76 61/70/76 76/96/76 77/98/76
f 55/73/77 54/71/77 69/97/77 70/99/77
f 63/74/78 62/72/78 77/98/78 78/100/78
f 56/75/79 55/73/79 70/99/79 71/84/79
f 64/76/80 63/74/80 78/100/80 79/86/80
f 76/96/81 75/94/81 91/101/81 92/102/81
f 69/97/82 68/95/82 84/103/82 85/104/82
f 77/98/83 76/96/83 92/102/83 93/105/83
f 70/99/84 69/97/84 85/104/84 86/106/84
f 78/100/85 77/98/85 93/105/85 94/107/85
f 71/84/86 70/99/86 86/106/86 87/108/86
f 79/86/87 78/100/87 94/107/87 95/109/87
f 72/85/88 71/84/88 87/108/88 88/110/88
f 80/87/89 79/86/89 95/109/89 96/111/89
f 73/88/90 72/85/90 88/110/90 89/112/90
f 81/89/91 80/87/91 96/111/91 97/113/91
f 74/90/92 73/88/92 89/112/92 90/114/92
f 67/92/93 82/115/93 83/116/93
f 308/117/94 81/89/94 97/113/94
f 75/94/95 74/90/95 90/114/95 91/101/95
f 68/95/96 67/92/96 83/116/96 84/103/96
f 96/111/97 95/109/97 110/118/97 111/119/97
f 89/112/98 88/110/98 103/120/98 104/121/98
f 97/113/99 96/111/99 111/119/99 112/122/99
f 90/114/100 89/112/100 104/121/100 105/123/100
f 83/116/101 82/124/101 98/125/101
f 308/126/102 97/113/102 112/122/102
f 91/101/103 90/114/103 105/123/103 106/127/103
f 84/103/104 83/116/104 98/125/104 99/128/104
f 92/102/105 91/101/105 106/127/105 107/129/105
f 85/104/106 84/103/106 99/128/106 100/130/106
f 93/105/107 92/102/107 107/129/107 108/131/107
f 86/106/108 85/104/108 100/130/108 101/132/108
f 94/107/109 93/105/109 108/131/109 109/133/109
f 87/108/110 86/106/110 101/132/110 102/134/110
f 95/109/111 94/107/111 109/133/111 110/118/111
f 88/110/112 87/108/112 102/134/112 103/120/112
f 100/130/113 99/128/113 114/135/113 115/136/113
f 108/131/114 107/129/114 122/137/114 123/138/114
f 101/132/115 100/130/115 115/136/115 116/139/115
f 109/133/116 108/131/116 123/138/116 124/140/116
f 102/134/117 101/132/117 116/139/117 117/141/117
f 110/118/118 109/133/118 124/140/118 125/142/118
f 103/120/119 102/134/119 117/141/119 118/143/119
f 111/119/120 110/118/120 125/142/120 126/144/120
f 104/121/121 103/120/121 118/143/121 119/145/121
f 112/122/122 111/119/122 126/144/122 127/146/122
f 105/123/123 104/121/123 119/145/123 120/147/123
f 98/125/124 82/148/124 113/149/124
f 308/150/125 112/122/125 127/146/125
f 106/127/126 105/123/126 120/147/126 121/151/126
f 99/128/127 98/125/127 113/149/127 114/135/127
f 107/129/128 106/127/128 121/151/128 122/137/128
f 119/145/129 118/143/129 133/152/129 134/153/129
f 127/146/130 126/144/130 141/154/130 142/155/130
f 120/147/131 119/145/131 134/153/131 135/156/131
f 113/149/132 82/157/132 128/158/132
f 308/159/133 127/146/133 142/155/133
f 121/151/134 120/147/134 135/156/134 136/160/134
f 114/135/135 113/149/135 128/158/135 129/161/135
f 122/137/136 121/151/136 136/160/136 137/162/136
f 115/136/137 114/135/137 129/161/137 130/163/137
f 123/138/138 122/137/138 137/162/138 138/164/138
f 116/139/139 115/136/139 130/163/139 131/165/139
f 124/140/140 123/138/140 138/164/140 139/166/140
f 117/141/141 116/139/141 131/165/141 132/167/141
f 125/142/142 124/140/142 139/166/142 140/168/142
f 118/143/143 117/141/143 132/167/143 133/152/143
f 126/144/144 125/142/144 140/168/144 141/154/144
f 138/164/145 137/162/145 152/169/145 153/170/145
f 131/165/146 130/163/146 145/171/146 146/172/146
f 139/166/147 138/164/147 153/170/147 154/173/147
f 132/167/148 131/165/148 146/172/148 147/174/148
f 140/168/149 139/166/149 154/173/149 155/175/149
f 133/152/150 132/167/150 147/174/150 148/176/150
f 141/154/151 140/168/151 155/175/151 156/177/151
f 134/153/152 133/152/152 148/176/152 149/178/152
f 142/155/153 141/154/153 156/177/153 157/179/153
f 135/156/154 134/153/154 149/178/154 150/180/154
f 128/158/155 82/181/155 143/182/155
f 308/183/156 142/155/156 157/179/156
f 136/160/157 135/156/157 150/180/157 151/184/157
f 129/161/158 128/158/158 143/182/158 144/185/158
f 137/162/159 136/160/159 151/184/159 152/169/159
f 130/163/160 129/161/160 144/185/160 145/171/160
f 157/179/161 156/177/161 171/186/161 172/187/161
f 150/180/162 149/178/162 164/188/162 165/189/162
f 143/182/163 82/190/163 158/191/163
f 308/192/164 157/179/164 172/187/164
f 151/184/165 150/180/165 165/189/165 166/193/165
f 144/185/166 143/182/166 158/191/166 159/194/166
f 152/169/167 151/184/167 166/193/167 167/195/167
f 145/171/168 144/185/168 159/194/168 160/196/168
f 153/170/169 152/169/169 167/195/169 168/197/169
f 146/172/170 145/171/170 160/196/170 161/198/170
f 154/173/171 153/170/171 168/197/171 169/199/171
f 147/174/172 146/172/172 161/198/172 162/200/172
f 155/175/173 154/173/173 169/199/173 170/201/173
f 148/176/174 147/174/174 162/200/174 163/202/174
f 156/177/175 155/175/175 170/201/175 171/186/175
f 149/178/176 148/176/176 163/202/176 164/188/176
f 169/199/177 168/197/177 183/203/177 184/204/177
f 162/200/178 161/198/178 176/205/178 177/206/178
f 170/201/179 169/199/179 184/204/179 185/207/179
f 163/202/180 162/200/180 177/206/180 178/208/180
f 171/186/181 170/201/181 185/207/181 186/209/181
f 164/188/182 163/202/182 178/208/182 179/210/182
f 172/187/183 171/186/183 186/209/183 187/211/183
f 165/189/184 164/188/184 179/210/184 180/212/184
f 158/191/185 82/213/185 173/214/185
f 308/215/186 172/187/186 187/211/186
f 166/193/187 165/189/187 180/212/187 181/216/187
f 159/194/188 158/191/188 173/214/188 174/217/188
f 167/195/189 166/193/189 181/216/189 182/218/189
f 160/196/190 159/194/190 174/217/190 175/219/190
f 168/197/191 167/195/191 182/218/191 183/203/191
f 161/198/192 160/196/192 175/219/192 176/205/192
f 173/214/193 82/220/193 188/221/193
f 308/222/194 187/211/194 202/223/194
f 181/216/195 180/212/195 195/224/195 196/225/195
f 174/217/196 173/214/196 188/221/196 189/226/196
f 182/218/197 181/216/197 196/225/197 197/227/197
f 175/219/198 174/217/198 189/226/198 190/228/198
f 183/203/199 182/218/199 197/227/199 198/229/199
f 176/205/200 175/219/200 190/228/200 191/230/200
f 184/204/201 183/203/201 198/229/201 199/231/201
f 177/206/202 176/205/202 191/230/202 192/232/202
f 185/207/203 184/204/203 199/231/203 200/233/203
f 178/208/204 177/206/204 192/232/204 193/234/204
f 186/209/205 185/207/205 200/233/205 201/235/205
f 179/210/206 178/208/206 193/234/206 194/236/206
f 187/211/207 186/209/207 201/235/207 202/223/207
f 180/212/208 179/210/208 194/236/208 195/224/208
f 192/232/209 191/230/209 206/237/209 207/238/209
f 200/233/210 199/231/210 214/239/210 215/240/210
f 193/234/211 192/232/211 207/238/211 208/241/211
f 201/235/212 200/233/212 215/240/212 216/242/212
f 194/236/213 193/234/213 208/241/213 209/243/213
f 202/223/214 201/235/214 216/242/214 217/244/214
f 195/224/215 194/236/215 209/243/215 210/245/215
f 188/221/216 82/246/216 203/247/216
f 308/248/217 202/223/217 217/244/217
f 196/225/218 195/224/218 210/245/218 211/249/218
f 189/226/219 188/221/219 203/247/219 204/250/219
f 197/227/220 196/225/220 211/249/220 212/251/220
f 190/228/221 189/226/221 204/250/221 205/252/221
f 198/229/222 197/227/222 212/251/222 213/253/222
f 191/230/223 190/228/223 205/252/223 206/237/223
f 199/231/224 198/229/224 213/253/224 214/239/224
f 211/249/225 210/245/225 225/254/225 226/255/225
f 204/250/226 203/247/226 218/256/226 219/257/226
f 212/251/227 211/249/227 226/255/227 227/258/227
f 205/252/228 204/250/228 219/257/228 220/259/228
f 213/253/229 212/251/229 227/258/229 228/260/229
f 206/237/230 205/252/230 220/259/230 221/261/230
f 214/239/231 213/253/231 228/260/231 229/262/231
f 207/238/232 206/237/232 221/261/232 222/263/232
f 215/240/233 214/239/233 229/262/233 230/264/233
f 208/241/234 207/238/234 222/263/234 223/265/234
f 216/242/235 215/240/235 230/264/235 231/266/235
f 209/243/236 208/241/236 223/265/236 224/267/236
f 217/244/237 216/242/237 231/266/237 232/268/237
f 210/245/238 209/243/238 224/267/238 225/254/238
f 203/247/239 82/269/239 218/256/239
f 308/270/240 217/244/240 232/268/240
f 230/264/241 229/262/241 244/271/241 245/272/241
f 223/265/242 222/263/242 237/273/242 238/274/242
f 231/266/243 230/264/243 245/272/243 246/275/243
f 224/267/244 223/265/244 238/274/244 239/276/244
f 232/268/245 231/266/245 246/275/245 247/277/245
f 225/254/246 224/267/246 239/276/246 240/278/246
f 218/256/247 82/279/247 233/280/247
f 308/281/248 232/268/248 247/277/248
f 226/255/249 225/254/249 240/278/249 241/282/249
f 219/257/250 218/256/250 233/280/250 234/283/250
f 227/258/251 226/255/251 241/282/251 242/284/251
f 220/259/252 219/257/252 234/283/252 235/285/252
f 228/260/253 227/258/253 242/284/253 243/286/253
f 221/261/254 220/259/254 235/285/254 236/287/254
f 229/262/255 228/260/255 243/286/255 244/271/255
f 222/263/256 221/261/256 236/287/256 237/273/256
f 234/283/257 233/280/257 248/288/257 249/289/257
f 242/284/258 241/282/258 256/290/258 257/291/258
f 235/285/259 234/283/259 249/289/259 250/292/259
f 243/286/260 242/284/260 257/291/260 258/293/260
f 236/287/261 235/285/261 250/292/261 251/294/261
f 244/271/262 243/286/262 258/293/262 259/295/262
f 237/273/263 236/287/263 251/294/263 252/296/263
f 245/272/264 244/271/264 259/295/264 260/297/264
f 238/274/265 237/273/265 252/296/265 253/298/265
f 246/275/266 245/272/266 260/297/266 261/299/266
f 239/276/267 238/274/267 253/298/267 254/300/267
f 247/277/268 246/275/268 261/299/268 262/301/268
f 240/278/269 239/276/269 254/300/269 255/302/269
f 233/280/270 82/303/270 248/288/270
f 308/304/271 247/277/271 262/301/271
f 241/282/272 240/278/272 255/302/272 256/290/272
f 253/298/273 252/296/273 267/305/273 268/306/273
f 261/299/274 260/297/274 275/307/274 276/308/274
f 254/300/275 253/298/275 268/306/275 269/309/275
f 262/301/276 261/299/276 276/308/276 277/310/276
f 255/302/277 254/300/277 269/309/277 270/311/277
f 248/288/278 82/312/278 263/313/278
f 308/314/279 262/301/279 277/310/279
f 256/290/280 255/302/280 270/311/280 271/315/280
f 249/289/281 248/288/281 263/313/281 264/316/281
f 257/291/282 256/290/282 271/315/282 272/317/282
f 250/292/283 249/289/283 264/316/283 265/318/283
f 258/293/284 257/291/284 272/317/284 273/319/284
f 251/294/285 250/292/285 265/318/285 266/320/285
f 259/295/286 258/293/286 273/319/286 274/321/286
f 252/296/287 251/294/287 266/320/287 267/305/287
f 260/297/288 259/295/288 274/321/288 275/307/288
f 272/317/289 271/315/289 286/322/289 287/323/289
f 265/318/290 264/316/290 279/324/290 280/325/290
f 273/319/291 272/317/291 287/323/291 288/326/291
f 266/320/292 265/318/292 280/325/292 281/327/292
f 274/321/293 273/319/293 288/326/293 289/328/293
f 267/305/294 266/320/294 281/327/294 282/329/294
f 275/307/295 274/321/295 289/328/295 290/330/295
f 268/306/296 267/305/296 282/329/296 283/331/296
f 276/308/297 275/307/297 290/330/297 291/332/297
f 269/309/298 268/306/298 283/331/298 284/333/298
f 277/310/299 276/308/299 291/332/299 292/334/299
f 270/311/300 269/309/300 284/333/300 285/335/300
f 263/313/301 82/336/301 278/337/301
f 308/338/302 277/310/302 292/334/302
f 271/315/303 270/311/303 285/335/303 286/322/303
f 264/316/304 263/313/304 278/337/304 279/324/304
f 291/332/305 290/330/305 305/339/305 306/340/305
f 284/333/306 283/331/306 298/341/306 299/342/306
f 292/334/307 291/332/307 306/340/307 307/343/307
f 285/335/308 284/333/308 299/342/308 300/344/308
f 278/337/309 82/345/309 293/346/309
f 308/347/310 292/334/310 307/343/310
f 286/322/311 285/335/311 300/344/311 301/348/311
f 279/324/312 278/337/312 293/346/312 294/349/312
f 287/323/313 286/322/313 301/348/313 302/350/313
f 280/325/314 279/324/314 294/349/314 295/351/314
f 288/326/315 287/323/315 302/350/315 303/352/315
f 281/327/316 280/325/316 295/351/316 296/353/316
f 289/328/317 288/326/317 303/352/317 304/354/317
f 282/329/318 281/327/318 296/353/318 297/355/318
f 290/330/319 289/328/319 304/354/319 305/339/319
f 283/331/320 282/329/320 297/355/320 298/341/320
f 303/352/321 302/350/321 318/356/321 319/357/321
f 296/353/322 295/351/322 311/358/322 312/359/322
f 304/354/323 303/352/323 319/357/323 320/360/323
f 297/355/324 296/353/324 312/359/324 313/361/324
f 305/339/325 304/354/325 320/360/325 321/362/325
f 298/341/326 297/355/326 313/361/326 314/363/326
f 306/340/327 305/339/327 321/362/327 322/364/327
f 299/342/328 298/341/328 314/363/328 315/365/328
f 307/343/329 306/340/329 322/364/329 323/366/329
f 300/344/330 299/342/330 315/365/330 316/367/330
f 293/346/331 82/368/331 309/369/331
f 308/370/332 307/343/332 323/366/332
f 301/348/333 300/344/333 316/367/333 317/371/333
f 294/349/334 293/346/334 309/369/334 310/372/334
f 302/350/335 301/348/335 317/371/335 318/356/335
f 295/351/336 294/349/336 310/372/336 311/358/336
f 323/366/337 322/364/337 337/373/337 338/374/337
f 316/367/338 315/365/338 330/375/338 331/376/338
f 309/369/339 82/377/339 324/378/339
f 308/379/340 323/366/340 338/374/340
f 317/371/341 316/367/341 331/376/341 332/380/341
f 310/372/342 309/369/342 324/378/342 325/381/342
f 318/356/343 317/371/343 332/380/343 333/382/343
f 311/358/344 310/372/344 325/381/344 326/383/344
f 319/357/345 318/356/345 333/382/345 334/384/345
f 312/359/346 311/358/346 326/383/346 327/385/346
f 320/360/347 319/357/347 334/384/347 335/386/347
f 313/361/348 312/359/348 327/385/348 328/387/348
f 321/362/349 320/360/349 335/386/349 336/388/349
f 314/363/350 313/361/350 328/387/350 329/389/350
f 322/364/351 321/362/351 336/388/351 337/373/351
f 315/365/352 314/363/352 329/389/352 330/375/352
f 327/385/353 326/383/353 341/390/353 342/391/353
f 335/386/354 334/384/354 349/392/354 350/393/354
f 328/387/355 327/385/355 342/391/355 343/394/355
f 336/388/356 335/386/356 350/393/356 351/395/356
f 329/389/357 328/387/357 343/394/357 344/396/357
f 337/373/358 336/388/358 351/395/358 352/397/358
f 330/375/359 329/389/359 344/396/359 345/398/359
f 338/374/360 337/373/360 352/397/360 353/399/360
f 331/376/361 330/375/361 345/398/361 346/400/361
f 324/378/362 82/401/362 339/402/362
f 308/403/363 338/374/363 353/399/363
f 332/380/364 331/376/364 346/400/364 347/404/364
f 325/381/365 324/378/365 339/402/365 340/405/365
f 333/382/366 332/380/366 347/404/366 348/406/366
f 326/383/367 325/381/367 340/405/367 341/390/367
f 334/384/368 333/382/368 348/406/368 349/392/368
f 346/400/369 345/398/369 360/407/369 361/408/369
f 339/402/370 82/409/370 354/410/370
f 308/411/371 353/399/371 368/412/371
f 347/404/372 346/400/372 361/408/372 362/413/372
f 340/405/373 339/402/373 354/410/373 355/414/373
f 348/406/374 347/404/374 362/413/374 363/415/374
f 341/390/375 340/405/375 355/414/375 356/416/375
f 349/392/376 348/406/376 363/415/376 364/417/376
f 342/391/377 341/390/377 356/416/377 357/418/377
f 350/393/378 349/392/378 364/417/378 365/419/378
f 343/394/379 342/391/379 357/418/379 358/420/379
f 351/395/380 350/393/380 365/419/380 366/421/380
f 344/396/381 343/394/381 358/420/381 359/422/381
f 352/397/382 351/395/382 366/421/382 367/423/382
f 345/398/383 344/396/383 359/422/383 360/407/383
f 353/399/384 352/397/384 367/423/384 368/412/384
f 365/424/385 364/425/385 379/426/385 380/427/385
f 358/428/386 357/429/386 372/430/386 373/431/386
f 366/432/387 365/424/387 380/427/387 381/433/387
f 359/434/388 358/428/388 373/431/388 374/435/388
f 367/436/389 366/432/389 381/433/389 382/437/389
f 360/438/390 359/434/390 374/435/390 375/439/390
f 368/440/391 367/436/391 382/437/391 383/441/391
f 361/442/392 360/438/392 375/439/392 376/443/392
f 354/444/393 82/445/393 369/446/393
f 308/447/394 368/440/394 383/441/394
f 362/448/395 361/442/395 376/443/395 377/449/395
f 355/450/396 354/444/396 369/446/396 370/451/396
f 363/452/397 362/448/397 377/449/397 378/453/397
f 356/454/398 355/450/398 370/451/398 371/455/398
f 364/425/399 363/452/399 378/453/399 379/426/399
f 357/429/400 356/454/400 371/455/400 372/430/400
f 369/446/401 82/456/401 384/457/401
f 308/458/402 383/441/402 398/459/402
f 377/449/403 376/443/403 391/460/403 392/461/403
f 370/451/404 369/446/404 384/457/404 385/462/404
f 378/453/405 377/449/405 392/461/405 393/463/405
f 371/455/406 370/451/406 385/462/406 386/464/406
f 379/426/407 378/453/407 393/463/407 394/465/407
f 372/430/408 371/455/408 386/464/408 387/466/408
f 380/427/409 379/426/409 394/465/409 395/467/409
f 373/431/410 372/430/410 387/466/410 388/468/410
f 381/433/411 380/427/411 395/467/411 396/469/411
f 374/435/412 373/431/412 388/468/412 389/470/412
f 382/437/413 381/433/413 396/469/413 397/471/413
f 375/439/414 374/435/414 389/470/414 390/472/414
f 383/441/415 382/437/415 397/471/415 398/459/415
f 376/443/416 375/439/416 390/472/416 391/460/416
f 388/468/417 387/466/417 402/473/417 403/474/417
f 396/469/418 395/467/418 410/475/418 411/476/418
f 389/470/419 388/468/419 403/474/419 404/477/419
f 397/471/420 396/469/420 411/476/420 412/478/420
f 390/472/421 389/470/421 404/477/421 405/479/421
f 398/459/422 397/471/422 412/478/422 413/480/422
f 391/460/423 390/472/423 405/479/423 406/481/423
f 384/457/424 82/482/424 399/483/424
f 308/484/425 398/459/425 413/480/425
f 392/461/426 391/460/426 406/481/426 407/485/426
f 385/462/427 384/457/427 399/483/427 400/486/427
f 393/463/428 392/461/428 407/485/428 408/487/428
f 386/464/429 385/462/429 400/486/429 401/488/429
f 394/465/430 393/463/430 408/487/430 409/489/430
f 387/466/431 386/464/431 401/488/431 402/473/431
f 395/467/432 394/465/432 409/489/432 410/475/432
f 407/485/433 406/481/433 421/490/433 422/491/433
f 400/486/434 399/483/434 414/492/434 415/493/434
f 408/487/435 407/485/435 422/491/435 423/494/435
f 401/488/436 400/486/436 415/493/436 416/495/436
f 409/489/437 408/487/437 423/494/437 424/496/437
f 402/473/438 401/488/438 416/495/438 417/497/438
f 410/475/439 409/489/439 424/496/439 425/498/439
f 403/474/440 402/473/440 417/497/440 418/499/440
f 411/476/441 410/475/441 425/498/441 426/500/441
f 404/477/442 403/474/442 418/499/442 419/501/442
f 412/478/443 411/476/443 426/500/443 427/502/443
f 405/479/444 404/477/444 419/501/444 420/503/444
f 413/480/445 412/478/445 427/502/445 428/504/445
f 406/481/446 405/479/446 420/503/446 421/490/446
f 399/483/447 82/505/447 414/492/447
f 308/506/448 413/480/448 428/504/448
f 426/500/449 425/498/449 440/507/449 441/508/449
f 419/501/450 418/499/450 433/509/450 434/510/450
f 427/502/451 426/500/451 441/508/451 442/511/451
f 420/503/452 419/501/452 434/510/452 435/512/452
f 428/504/453 427/502/453 442/511/453 443/513/453
f 421/490/454 420/503/454 435/512/454 436/514/454
f 414/492/455 82/515/455 429/516/455
f 308/517/456 428/504/456 443/513/456
f 422/491/457 421/490/457 436/514/457 437/518/457
f 415/493/458 414/492/458 429/516/458 430/519/458
f 423/494/459 422/491/459 437/518/459 438/520/459
f 416/495/460 415/493/460 430/519/460 431/521/460
f 424/496/461 423/494/461 438/520/461 439/522/461
f 417/497/462 416/495/462 431/521/462 432/523/462
f 425/498/463 424/496/463 439/522/463 440/507/463
f 418/499/464 417/497/464 432/523/464 433/509/464
f 438/520/465 437/518/465 452/524/465 453/525/465
f 431/521/466 430/519/466 445/526/466 446/527/466
f 439/522/467 438/520/467 453/525/467 454/528/467
f 432/523/468 431/521/468 446/527/468 447/529/468
f 440/507/469 439/522/469 454/528/469 455/530/469
f 433/509/470 432/523/470 447/529/470 448/531/470
f 441/508/471 440/507/471 455/530/471 456/532/471
f 434/510/472 433/509/472 448/531/472 449/533/472
f 442/511/473 441/508/473 456/532/473 457/534/473
f 435/512/474 434/510/474 449/533/474 450/535/474
f 443/513/475 442/511/475 457/534/475 458/536/475
f 436/514/476 435/512/476 450/535/476 451/537/476
f 429/516/477 82/538/477 444/539/477
f 308/540/478 443/513/478 458/536/478
f 437/518/479 436/514/479 451/537/479 452/524/479
f 430/519/480 429/516/480 444/539/480 445/526/480
f 457/534/481 456/532/481 471/541/481 472/542/481
f 450/535/482 449/533/482 464/543/482 465/544/482
f 458/536/483 457/534/483 472/542/483 473/545/483
f 451/537/484 450/535/484 465/544/484 466/546/484
f 444/539/485 82/547/485 459/548/485
f 308/549/486 458/536/486 473/545/486
f 452/524/487 451/537/487 466/546/487 467/550/487
f 445/526/488 444/539/488 459/548/488 460/551/488
f 453/525/489 452/524/489 467/550/489 468/552/489
f 446/527/490 445/526/490 460/551/490 461/553/490
f 454/528/491 453/525/491 468/552/491 469/554/491
f 447/529/492 446/527/492 461/553/492 462/555/492
f 455/530/493 454/528/493 469/554/493 470/556/493
f 448/531/494 447/529/494 462/555/494 463/557/494
f 456/532/495 455/530/495 470/556/495 471/541/495
f 449/533/496 448/531/496 463/557/496 464/543/496
f 461/553/497 460/551/497 475/6/497 1/5/497
f 469/554/498 468/552/498 478/1/498 6/9/498
f 462/555/499 461/553/499 1/5/499 476/11/499
f 470/556/500 469/554/500 6/9/500 479/13/500
f 463/557/501 462/555/501 476/11/501 2/15/501
f 471/541/502 470/556/502 479/13/502 480/17/502
f 464/543/503 463/557/503 2/15/503 477/19/503
f 472/542/504 471/541/504 480/17/504 481/21/504
f 465/544/505 464/543/505 477/19/505 3/23/505
f 473/545/506 472/542/506 481/21/506 482/25/506
f 466/546/507 465/544/507 3/23/507 4/27/507
f 459/548/508 82/558/508 474/29/508
f 308/559/509 473/545/509 482/25/509
f 467/550/510 466/546/510 4/27/510 5/2/510
f 460/551/511 459/548/511 474/29/511 475/6/511
f 468/552/512 467/550/512 5/2/512 478/1/512
o 구체.001
v 0.077000 0.004157 0.010222
v 0.077000 0.002778 0.008843
v 0.077000 0.000975 0.008096
v 0.077000 0.000000 0.008000
v 0.077000 -0.000975 0.008096
v 0.077000 -0.002778 0.008843
v 0.077190 0.004904 0.012043
v 0.077373 0.004619 0.011123
v 0.077542 0.004157 0.010276
v 0.077690 0.003536 0.009532
v 0.077811 0.002778 0.008923
v 0.077901 0.001913 0.008469
v 0.077957 0.000975 0.008190
v 0.077975 0.000000 0.008096
v 0.077957 -0.000975 0.008190
v 0.077901 -0.001913 0.008469
v 0.077811 -0.002778 0.008923
v 0.077690 -0.003536 0.009532
v 0.077542 -0.004157 0.010276
v 0.077373 -0.004619 0.011123
v 0.077190 -0.004904 0.012043
v 0.077373 0.004904 0.012099
v 0.077732 0.004619 0.011232
v 0.078063 0.004157 0.010434
v 0.078353 0.003536 0.009734
v 0.078591 0.002778 0.009159
v 0.078768 0.001913 0.008732
v 0.078877 0.000975 0.008469
v 0.078913 0.000000 0.008381
v 0.078877 -0.000975 0.008469
v 0.078768 -0.001913 0.008732
v 0.078591 -0.002778 0.009159
v 0.078353 -0.003536 0.009734
v 0.078063 -0.004157 0.010434
v 0.077732 -0.004619 0.011232
v 0.077373 -0.004904 0.012099
v 0.077542 0.004904 0.012189
v 0.078063 0.004619 0.011409
v 0.078543 0.004157 0.010690
v 0.078964 0.003536 0.010060
v 0.079310 0.002778 0.009543
v 0.079566 0.001913 0.009159
v 0.079724 0.000975 0.008923
v 0.079778 0.000000 0.008843
v 0.079724 -0.000975 0.008923
v 0.079566 -0.001913 0.009159
v 0.079310 -0.002778 0.009543
v 0.078964 -0.003536 0.010060
v 0.078543 -0.004157 0.010690
v 0.078063 -0.004619 0.011409
v 0.077542 -0.004904 0.012189
v 0.077690 0.004904 0.012310
v 0.078353 0.004619 0.011647
v 0.078964 0.004157 0.011036
v 0.079500 0.003536 0.010500
v 0.079940 0.002778 0.010060
v 0.080266 0.001913 0.009734
v 0.080468 0.000975 0.009532
v 0.080536 0.000000 0.009464
v 0.080468 -0.000975 0.009532
v 0.080266 -0.001913 0.009734
v 0.079940 -0.002778 0.010060
v 0.079500 -0.003536 0.010500
v 0.078964 -0.004157 0.011036
v 0.078353 -0.004619 0.011647
v 0.077690 -0.004904 0.012310
v 0.077811 0.004904 0.012458
v 0.078591 0.004619 0.011937
v 0.079310 0.004157 0.011457
v 0.079940 0.003536 0.011036
v 0.080457 0.002778 0.010690
v 0.080841 0.001913 0.010434
v 0.081077 0.000975 0.010276
v 0.081157 0.000000 0.010222
v 0.081077 -0.000975 0.010276
v 0.080841 -0.001913 0.010434
v 0.080457 -0.002778 0.010690
v 0.079940 -0.003536 0.011036
v 0.079310 -0.004157 0.011457
v 0.078591 -0.004619 0.011937
v 0.077811 -0.004904 0.012458
v 0.077000 0.005000 0.013000
v 0.077901 0.004904 0.012627
v 0.078768 0.004619 0.012268
v 0.079566 0.004157 0.011937
v 0.080266 0.003536 0.011647
v 0.080841 0.002778 0.011409
v 0.081268 0.001913 0.011232
v 0.081531 0.000975 0.011123
v 0.081619 0.000000 0.011087
v 0.081531 -0.000975 0.011123
v 0.081268 -0.001913 0.011232
v 0.080841 -0.002778 0.011409
v 0.080266 -0.003536 0.011647
v 0.079566 -0.004157 0.011937
v 0.078768 -0.004619 0.012268
v 0.077901 -0.004904 0.012627
v 0.077957 0.004904 0.012810
v 0.078877 0.004619 0.012627
v 0.079724 0.004157 0.012458
v 0.080468 0.003536 0.012310
v 0.081077 0.002778 0.012189
v 0.081531 0.001913 0.012099
v 0.081810 0.000975 0.012043
v 0.081904 0.000000 0.012025
v 0.081810 -0.000975 0.012043
v 0.081531 -0.001913 0.012099
v 0.081077 -0.002778 0.012189
v 0.080468 -0.003536 0.012310
v 0.079724 -0.004157 0.012458
v 0.078877 -0.004619 0.012627
v 0.077957 -0.004904 0.012810
v 0.077975 0.004904 0.013000
v 0.078913 0.004619 0.013000
v 0.079778 0.004157 0.013000
v 0.080536 0.003536 0.013000
v 0.081157 0.002778 0.013000
v 0.081619 0.001913 0.013000
v 0.081904 0.000975 0.013000
v 0.082000 0.000000 0.013000
v 0.081904 -0.000975 0.013000
v 0.081619 -0.001913 0.013000
v 0.081157 -0.002778 0.013000
v 0.080536 -0.003536 0.013000
v 0.079778 -0.004157 0.013000
v 0.078913 -0.004619 0.013000
v 0.077975 -0.004904 0.013000
v 0.077957 0.004904 0.013190
v 0.078877 0.004619 0.013373
v 0.079724 0.004157 0.013542
v 0.080468 0.003536 0.013690
v 0.081077 0.002778 0.013811
v 0.081531 0.001913 0.013901
v 0.081810 0.000975 0.013957
v 0.081904 0.000000 0.013975
v 0.081810 -0.000975 0.013957
v 0.081531 -0.001913 0.013901
v 0.081077 -0.002778 0.013811
v 0.080468 -0.003536 0.013690
v 0.079724 -0.004157 0.013542
v 0.078877 -0.004619 0.013373
v 0.077957 -0.004904 0.013190
v 0.077901 0.004904 0.013373
v 0.078768 0.004619 0.013732
v 0.079566 0.004157 0.014063
v 0.080266 0.003536 0.014353
v 0.080841 0.002778 0.014591
v 0.081268 0.001913 0.014768
v 0.081531 0.000975 0.014877
v 0.081619 0.000000 0.014913
v 0.081531 -0.000975 0.014877
v 0.081268 -0.001913 0.014768
v 0.080841 -0.002778 0.014591
v 0.080266 -0.003536 0.014353
v 0.079566 -0.004157 0.014063
v 0.078768 -0.004619 0.013732
v 0.077901 -0.004904 0.013373
v 0.077811 0.004904 0.013542
v 0.078591 0.004619 0.014063
v 0.079310 0.004157 0.014543
v 0.079940 0.003536 0.014964
v 0.080457 0.002778 0.015310
v 0.080841 0.001913 0.015566
v 0.081077 0.000975 0.015724
v 0.081157 0.000000 0.015778
v 0.081077 -0.000975 0.015724
v 0.080841 -0.001913 0.015566
v 0.080457 -0.002778 0.015310
v 0.079940 -0.003536 0.014964
v 0.079310 -0.004157 0.014543
v 0.078591 -0.004619 0.014063
v 0.077811 -0.004904 0.013542
v 0.077690 0.004904 0.013690
v 0.078353 0.004619 0.014353
v 0.078964 0.004157 0.014964
v 0.079500 0.003536 0.015500
v 0.079940 0.002778 0.015940
v 0.080266 0.001913 0.016266
v 0.080468 0.000975 0.016468
v 0.080536 0.000000 0.016536
v 0.080468 -0.000975 0.016468
v 0.080266 -0.001913 0.016266
v 0.079940 -0.002778 0.015940
v 0.079500 -0.003536 0.015500
v 0.078964 -0.004157 0.014964
v 0.078353 -0.004619 0.014353
v 0.077690 -0.004904 0.013690
v 0.077542 0.004904 0.013811
v 0.078063 0.004619 0.014591
v 0.078543 0.004157 0.015310
v 0.078964 0.003536 0.015940
v 0.079310 0.002778 0.016457
v 0.079566 0.001913 0.016841
v 0.079724 0.000975 0.017077
v 0.079778 0.000000 0.017157
v 0.079724 -0.000975 0.017077
v 0.079566 -0.001913 0.016841
v 0.079310 -0.002778 0.016457
v 0.078964 -0.003536 0.015940
v 0.078543 -0.004157 0.015310
v 0.078063 -0.004619 0.014591
v 0.077542 -0.004904 0.013811
v 0.077373 0.004904 0.013901
v 0.077732 0.004619 0.014768
v 0.078063 0.004157 0.015566
v 0.078353 0.003536 0.016266
v 0.078591 0.002778 0.016841
v 0.078768 0.001913 0.017268
v 0.078877 0.000975 0.017531
v 0.078913 0.000000 0.017619
v 0.078877 -0.000975 0.017531
v 0.078768 -0.001913 0.017268
v 0.078591 -0.002778 0.016841
v 0.078353 -0.003536 0.016266
v 0.078063 -0.004157 0.015566
v 0.077732 -0.004619 0.014768
v 0.077373 -0.004904 0.013901
v 0.077190 0.004904 0.013957
v 0.077373 0.004619 0.014877
v 0.077542 0.004157 0.015724
v 0.077690 0.003536 0.016468
v 0.077811 0.002778 0.017077
v 0.077901 0.001913 0.017531
v 0.077957 0.000975 0.017810
v 0.077975 0.000000 0.017904
v 0.077957 -0.000975 0.017810
v 0.077901 -0.001913 0.017531
v 0.077811 -0.002778 0.017077
v 0.077690 -0.003536 0.016468
v 0.077542 -0.004157 0.015724
v 0.077373 -0.004619 0.014877
v 0.077190 -0.004904 0.013957
v 0.077000 0.004904 0.013975
v 0.077000 0.004619 0.014913
v 0.077000 0.004157 0.015778
v 0.077000 0.003536 0.016536
v 0.077000 0.002778 0.017157
v 0.077000 0.001913 0.017619
v 0.077000 0.000975 0.017904
v 0.077000 0.000000 0.018000
v 0.077000 -0.000975 0.017904
v 0.077000 -0.001913 0.017619
v 0.077000 -0.002778 0.017157
v 0.077000 -0.003536 0.016536
v 0.077000 -0.004157 0.015778
v 0.077000 -0.004619 0.014913
v 0.077000 -0.004904 0.013975
v 0.076810 0.004904 0.013957
v 0.076627 0.004619 0.014877
v 0.076458 0.004157 0.015724
v 0.076310 0.003536 0.016468
v 0.076189 0.002778 0.017077
v 0.076099 0.001913 0.017531
v 0.076043 0.000975 0.017810
v 0.076025 0.000000 0.017904
v 0.076043 -0.000975 0.017810
v 0.076099 -0.001913 0.017531
v 0.076189 -0.002778 0.017077
v 0.076310 -0.003536 0.016468
v 0.076458 -0.004157 0.015724
v 0.076627 -0.004619 0.014877
v 0.076810 -0.004904 0.013957
v 0.076627 0.004904 0.013901
v 0.076268 0.004619 0.014768
v 0.075937 0.004157 0.015566
v 0.075647 0.003536 0.016266
v 0.075409 0.002778 0.016841
v 0.075232 0.001913 0.017268
v 0.075123 0.000975 0.017531
v 0.075087 0.000000 0.017619
v 0.075123 -0.000975 0.017531
v 0.075232 -0.001913 0.017268
v 0.075409 -0.002778 0.016841
v 0.075647 -0.003536 0.016266
v 0.075937 -0.004157 0.015566
v 0.076268 -0.004619 0.014768
v 0.076627 -0.004904 0.013901
v 0.076458 0.004904 0.013811
v 0.075937 0.004619 0.014591
v 0.075457 0.004157 0.015310
v 0.075036 0.003536 0.015940
v 0.074690 0.002778 0.016457
v 0.074434 0.001913 0.016841
v 0.074276 0.000975 0.017077
v 0.074222 0.000000 0.017157
v 0.074276 -0.000975 0.017077
v 0.074434 -0.001913 0.016841
v 0.074690 -0.002778 0.016457
v 0.075036 -0.003536 0.015940
v 0.075457 -0.004157 0.015310
v 0.075937 -0.004619 0.014591
v 0.076458 -0.004904 0.013811
v 0.076310 0.004904 0.013690
v 0.075647 0.004619 0.014353
v 0.075036 0.004157 0.014964
v 0.074500 0.003536 0.015500
v 0.074060 0.002778 0.015940
v 0.073734 0.001913 0.016266
v 0.073532 0.000975 0.016468
v 0.073464 0.000000 0.016536
v 0.073532 -0.000975 0.016468
v 0.073734 -0.001913 0.016266
v 0.074060 -0.002778 0.015940
v 0.074500 -0.003536 0.015500
v 0.075036 -0.004157 0.014964
v 0.075647 -0.004619 0.014353
v 0.076310 -0.004904 0.013690
v 0.077000 -0.005000 0.013000
v 0.076189 0.004904 0.013542
v 0.075409 0.004619 0.014063
v 0.074690 0.004157 0.014543
v 0.074060 0.003536 0.014964
v 0.073543 0.002778 0.015310
v 0.073159 0.001913 0.015566
v 0.072923 0.000975 0.015724
v 0.072843 0.000000 0.015778
v 0.072923 -0.000975 0.015724
v 0.073159 -0.001913 0.015566
v 0.073543 -0.002778 0.015310
v 0.074060 -0.003536 0.014964
v 0.074690 -0.004157 0.014543
v 0.075409 -0.004619 0.014063
v 0.076189 -0.004904 0.013542
v 0.076099 0.004904 0.013373
v 0.075232 0.004619 0.013732
v 0.074434 0.004157 0.014063
v 0.073734 0.003536 0.014353
v 0.073159 0.002778 0.014591
v 0.072732 0.001913 0.014768
v 0.072469 0.000975 0.014877
v 0.072381 0.000000 0.014913
v 0.072469 -0.000975 0.014877
v 0.072732 -0.001913 0.014768
v 0.073159 -0.002778 0.014591
v 0.073734 -0.003536 0.014353
v 0.074434 -0.004157 0.014063
v 0.075232 -0.004619 0.013732
v 0.076099 -0.004904 0.013373
v 0.076043 0.004904 0.013190
v 0.075123 0.004619 0.013373
v 0.074276 0.004157 0.013542
v 0.073532 0.003536 0.013690
v 0.072923 0.002778 0.013811
v 0.072469 0.001913 0.013901
v 0.072190 0.000975 0.013957
v 0.072096 0.000000 0.013975
v 0.072190 -0.000975 0.013957
v 0.072469 -0.001913 0.013901
v 0.072923 -0.002778 0.013811
v 0.073532 -0.003536 0.013690
v 0.074276 -0.004157 0.013542
v 0.075123 -0.004619 0.013373
v 0.076043 -0.004904 0.013190
v 0.076025 0.004904 0.013000
v 0.075087 0.004619 0.013000
v 0.074222 0.004157 0.013000
v 0.073464 0.003536 0.013000
v 0.072843 0.002778 0.013000
v 0.072381 0.001913 0.013000
v 0.072096 0.000975 0.013000
v 0.072000 0.000000 0.013000
v 0.072096 -0.000975 0.013000
v 0.072381 -0.001913 0.013000
v 0.072843 -0.002778 0.013000
v 0.073464 -0.003536 0.013000
v 0.074222 -0.004157 0.013000
v 0.075087 -0.004619 0.013000
v 0.076025 -0.004904 0.013000
v 0.076043 0.004904 0.012810
v 0.075123 0.004619 0.012627
v 0.074276 0.004157 0.012458
v 0.073532 0.003536 0.012310
v 0.072923 0.002778 0.012189
v 0.072469 0.001913 0.012099
v 0.072190 0.000975 0.012043
v 0.072096 0.000000 0.012025
v 0.072190 -0.000975 0.012043
v 0.072469 -0.001913 0.012099
v 0.072923 -0.002778 0.012189
v 0.073532 -0.003536 0.012310
v 0.074276 -0.004157 0.012458
v 0.075123 -0.004619 0.012627
v 0.076043 -0.004904 0.012810
v 0.076099 0.004904 0.012627
v 0.075232 0.004619 0.012268
v 0.074434 0.004157 0.011937
v 0.073734 0.003536 0.011647
v 0.073159 0.002778 0.011409
v 0.072732 0.001913 0.011232
v 0.072469 0.000975 0.011123
v 0.072381 0.000000 0.011087
v 0.072469 -0.000975 0.011123
v 0.072732 -0.001913 0.011232
v 0.073159 -0.002778 0.011409
v 0.073734 -0.003536 0.011647
v 0.074434 -0.004157 0.011937
v 0.075232 -0.004619 0.012268
v 0.076099 -0.004904 0.012627
v 0.076189 0.004904 0.012458
v 0.075409 0.004619 0.011937
v 0.074690 0.004157 0.011457
v 0.074060 0.003536 0.011036
v 0.073543 0.002778 0.010690
v 0.073159 0.001913 0.010434
v 0.072923 0.000975 0.010276
v 0.072843 0.000000 0.010222
v 0.072923 -0.000975 0.010276
v 0.073159 -0.001913 0.010434
v 0.073543 -0.002778 0.010690
v 0.074060 -0.003536 0.011036
v 0.074690 -0.004157 0.011457
v 0.075409 -0.004619 0.011937
v 0.076189 -0.004904 0.012458
v 0.076310 0.004904 0.012310
v 0.075647 0.004619 0.011647
v 0.075036 0.004157 0.011036
v 0.074500 0.003536 0.010500
v 0.074060 0.002778 0.010060
v 0.073734 0.001913 0.009734
v 0.073532 0.000975 0.009532
v 0.073464 0.000000 0.009464
v 0.073532 -0.000975 0.009532
v 0.073734 -0.001913 0.009734
v 0.074060 -0.002778 0.010060
v 0.074500 -0.003536 0.010500
v 0.075036 -0.004157 0.011036
v 0.075647 -0.004619 0.011647
v 0.076310 -0.004904 0.012310
v 0.076458 0.004904 0.012189
v 0.075937 0.004619 0.011409
v 0.075457 0.004157 0.010690
v 0.075036 0.003536 0.010060
v 0.074690 0.002778 0.009543
v 0.074434 0.001913 0.009159
v 0.074276 0.000975 0.008923
v 0.074222 0.000000 0.008843
v 0.074276 -0.000975 0.008923
v 0.074434 -0.001913 0.009159
v 0.074690 -0.002778 0.009543
v 0.075036 -0.003536 0.010060
v 0.075457 -0.004157 0.010690
v 0.075937 -0.004619 0.011409
v 0.076458 -0.004904 0.012189
v 0.076627 0.004904 0.012099
v 0.076268 0.004619 0.011232
v 0.075937 0.004157 0.010434
v 0.075647 0.003536 0.009734
v 0.075409 0.002778 0.009159
v 0.075232 0.001913 0.008732
v 0.075123 0.000975 0.008469
v 0.075087 0.000000 0.008381
v 0.075123 -0.000975 0.008469
v 0.075232 -0.001913 0.008732
v 0.075409 -0.002778 0.009159
v 0.075647 -0.003536 0.009734
v 0.075937 -0.004157 0.010434
v 0.076268 -0.004619 0.011232
v 0.076627 -0.004904 0.012099
v 0.076810 0.004904 0.012043
v 0.076627 0.004619 0.011123
v 0.076458 0.004157 0.010276
v 0.076310 0.003536 0.009532
v 0.076189 0.002778 0.008923
v 0.076099 0.001913 0.008469
v 0.076043 0.000975 0.008190
v 0.076025 0.000000 0.008096
v 0.076043 -0.000975 0.008190
v 0.076099 -0.001913 0.008469
v 0.076189 -0.002778 0.008923
v 0.076310 -0.003536 0.009532
v 0.076458 -0.004157 0.010276
v 0.076627 -0.004619 0.011123
v 0.076810 -0.004904 0.012043
v 0.077000 0.004904 0.012025
v 0.077000 0.004619 0.011087
v 0.077000 0.003536 0.009464
v 0.077000 0.001913 0.008381
v 0.077000 -0.001913 0.008381
v 0.077000 -0.003536 0.009464
v 0.077000 -0.004157 0.010222
v 0.077000 -0.004619 0.011087
v 0.077000 -0.004904 0.012025
vn 0.0938 -0.2890 -0.9527
vn 0.0464 0.8810 -0.4709
vn 0.0865 -0.4696 -0.8786
vn 0.0624 0.7715 -0.6332
vn 0.0759 -0.6326 -0.7708
vn 0.0759 0.6326 -0.7708
vn 0.0624 -0.7715 -0.6332
vn 0.0865 0.4696 -0.8786
vn 0.0464 -0.8810 -0.4709
vn 0.0938 0.2890 -0.9527
vn 0.0286 -0.9565 -0.2902
vn 0.0975 0.0975 -0.9904
vn 0.0097 0.9951 -0.0980
vn 0.0097 -0.9951 -0.0980
vn 0.0975 -0.0975 -0.9904
vn 0.0286 0.9565 -0.2902
vn 0.0286 -0.9951 -0.0942
vn 0.2889 -0.0976 -0.9524
vn 0.0846 0.9565 -0.2790
vn 0.2779 -0.2890 -0.9161
vn 0.1374 0.8810 -0.4528
vn 0.2563 -0.4696 -0.8448
vn 0.1847 0.7715 -0.6088
vn 0.2248 -0.6326 -0.7412
vn 0.2248 0.6326 -0.7412
vn 0.1847 -0.7715 -0.6088
vn 0.2563 0.4696 -0.8448
vn 0.1374 -0.8810 -0.4528
vn 0.2779 0.2890 -0.9161
vn 0.0846 -0.9565 -0.2790
vn 0.2889 0.0976 -0.9524
vn 0.0286 0.9951 -0.0942
vn 0.2999 -0.7715 -0.5611
vn 0.4162 0.4696 -0.7786
vn 0.2230 -0.8810 -0.4173
vn 0.4513 0.2890 -0.8443
vn 0.1374 -0.9565 -0.2571
vn 0.4691 0.0975 -0.8777
vn 0.0464 0.9951 -0.0869
vn 0.0464 -0.9951 -0.0869
vn 0.4691 -0.0975 -0.8777
vn 0.1374 0.9565 -0.2571
vn 0.4513 -0.2890 -0.8443
vn 0.2230 0.8810 -0.4173
vn 0.4162 -0.4696 -0.7786
vn 0.2999 0.7715 -0.5611
vn 0.3651 -0.6326 -0.6831
vn 0.3651 0.6326 -0.6831
vn 0.1850 0.9565 -0.2254
vn 0.6073 -0.2890 -0.7400
vn 0.3002 0.8810 -0.3658
vn 0.5601 -0.4696 -0.6825
vn 0.4036 0.7715 -0.4918
vn 0.4913 -0.6326 -0.5987
vn 0.4913 0.6326 -0.5987
vn 0.4036 -0.7715 -0.4918
vn 0.5601 0.4696 -0.6825
vn 0.3002 -0.8810 -0.3658
vn 0.6073 0.2890 -0.7400
vn 0.1850 -0.9565 -0.2254
vn 0.6314 0.0975 -0.7693
vn 0.0625 0.9951 -0.0761
vn 0.0625 -0.9951 -0.0761
vn 0.6314 -0.0975 -0.7693
vn 0.6825 0.4696 -0.5601
vn 0.3658 -0.8810 -0.3002
vn 0.7400 0.2890 -0.6073
vn 0.2254 -0.9565 -0.1850
vn 0.7693 0.0975 -0.6314
vn 0.0761 0.9951 -0.0625
vn 0.0761 -0.9951 -0.0625
vn 0.7693 -0.0975 -0.6314
vn 0.2254 0.9565 -0.1850
vn 0.7400 -0.2890 -0.6073
vn 0.3658 0.8810 -0.3002
vn 0.6825 -0.4696 -0.5601
vn 0.4918 0.7715 -0.4036
vn 0.5987 -0.6326 -0.4913
vn 0.5987 0.6326 -0.4913
vn 0.4918 -0.7715 -0.4036
vn 0.8443 -0.2890 -0.4513
vn 0.4173 0.8810 -0.2230
vn 0.7786 -0.4696 -0.4162
vn 0.5611 0.7715 -0.2999
vn 0.6831 -0.6326 -0.3651
vn 0.6831 0.6326 -0.3651
vn 0.5611 -0.7715 -0.2999
vn 0.7786 0.4696 -0.4162
vn 0.4173 -0.8810 -0.2230
vn 0.8443 0.2890 -0.4513
vn 0.2571 -0.9565 -0.1374
vn 0.8777 0.0975 -0.4691
vn 0.0869 0.9951 -0.0464
vn 0.0869 -0.9951 -0.0464
vn 0.8777 -0.0975 -0.4691
vn 0.2571 0.9565 -0.1374
vn 0.4528 -0.8810 -0.1374
vn 0.9161 0.2890 -0.2779
vn 0.2790 -0.9565 -0.0846
vn 0.9524 0.0975 -0.2889
vn 0.0942 0.9951 -0.0286
vn 0.0942 -0.9951 -0.0286
vn 0.9524 -0.0975 -0.2889
vn 0.2790 0.9565 -0.0846
vn 0.9161 -0.2890 -0.2779
vn 0.4528 0.8810 -0.1374
vn 0.8448 -0.4696 -0.2563
vn 0.6088 0.7715 -0.1847
vn 0.7412 -0.6326 -0.2248
vn 0.7412 0.6326 -0.2248
vn 0.6088 -0.7715 -0.1847
vn 0.8448 0.4696 -0.2563
vn 0.4709 0.8810 -0.0464
vn 0.8786 -0.4696 -0.0865
vn 0.6332 0.7715 -0.0624
vn 0.7708 -0.6326 -0.0759
vn 0.7708 0.6326 -0.0759
vn 0.6332 -0.7715 -0.0624
vn 0.8786 0.4696 -0.0865
vn 0.4709 -0.8810 -0.0464
vn 0.9527 0.2890 -0.0938
vn 0.2902 -0.9565 -0.0286
vn 0.9904 0.0975 -0.0975
vn 0.0980 0.9951 -0.0097
vn 0.0980 -0.9951 -0.0097
vn 0.9904 -0.0975 -0.0975
vn 0.2902 0.9565 -0.0286
vn 0.9527 -0.2890 -0.0938
vn 0.9527 0.2890 0.0938
vn 0.2902 -0.9565 0.0286
vn 0.9904 0.0975 0.0976
vn 0.0980 0.9951 0.0097
vn 0.0980 -0.9951 0.0097
vn 0.9904 -0.0975 0.0976
vn 0.2902 0.9565 0.0286
vn 0.9527 -0.2890 0.0938
vn 0.4709 0.8810 0.0464
vn 0.8786 -0.4696 0.0865
vn 0.6332 0.7715 0.0624
vn 0.7708 -0.6326 0.0759
vn 0.7708 0.6326 0.0759
vn 0.6332 -0.7715 0.0624
vn 0.8786 0.4696 0.0865
vn 0.4709 -0.8810 0.0464
vn 0.8448 -0.4696 0.2563
vn 0.6088 0.7715 0.1847
vn 0.7412 -0.6326 0.2248
vn 0.7412 0.6326 0.2248
vn 0.6088 -0.7715 0.1847
vn 0.8448 0.4696 0.2563
vn 0.4528 -0.8810 0.1374
vn 0.9161 0.2890 0.2779
vn 0.2790 -0.9565 0.0846
vn 0.9524 0.0975 0.2889
vn 0.0942 0.9951 0.0286
vn 0.0942 -0.9951 0.0286
vn 0.9524 -0.0975 0.2889
vn 0.2790 0.9565 0.0846
vn 0.9161 -0.2890 0.2779
vn 0.4528 0.8810 0.1374
vn 0.2571 -0.9565 0.1374
vn 0.8777 0.0975 0.4691
vn 0.0869 0.9951 0.0464
vn 0.0869 -0.9951 0.0464
vn 0.8777 -0.0975 0.4691
vn 0.2571 0.9565 0.1374
vn 0.8443 -0.2890 0.4513
vn 0.4173 0.8810 0.2230
vn 0.7786 -0.4696 0.4162
vn 0.5611 0.7715 0.2999
vn 0.6831 -0.6326 0.3651
vn 0.6831 0.6326 0.3651
vn 0.5611 -0.7715 0.2999
vn 0.7786 0.4696 0.4162
vn 0.4173 -0.8810 0.2230
vn 0.8443 0.2890 0.4513
vn 0.5987 -0.6326 0.4913
vn 0.5987 0.6326 0.4913
vn 0.4918 -0.7715 0.4036
vn 0.6825 0.4696 0.5601
vn 0.3658 -0.8810 0.3002
vn 0.7400 0.2890 0.6073
vn 0.2254 -0.9565 0.1850
vn 0.7693 0.0975 0.6314
vn 0.0761 0.9951 0.0625
vn 0.0761 -0.9951 0.0625
vn 0.7693 -0.0975 0.6314
vn 0.2254 0.9565 0.1850
vn 0.7400 -0.2890 0.6073
vn 0.3658 0.8810 0.3002
vn 0.6825 -0.4696 0.5601
vn 0.4918 0.7715 0.4036
vn 0.0625 0.9951 0.0761
vn 0.0625 -0.9951 0.0761
vn 0.6314 -0.0975 0.7693
vn 0.1850 0.9565 0.2254
vn 0.6073 -0.2890 0.7400
vn 0.3002 0.8810 0.3658
vn 0.5601 -0.4696 0.6825
vn 0.4036 0.7715 0.4918
vn 0.4913 -0.6326 0.5987
vn 0.4913 0.6326 0.5987
vn 0.4036 -0.7715 0.4918
vn 0.5601 0.4696 0.6825
vn 0.3002 -0.8810 0.3658
vn 0.6073 0.2890 0.7400
vn 0.1850 -0.9565 0.2254
vn 0.6314 0.0975 0.7693
vn 0.3651 0.6326 0.6831
vn 0.2999 -0.7715 0.5611
vn 0.4162 0.4696 0.7786
vn 0.2230 -0.8810 0.4173
vn 0.4513 0.2890 0.8443
vn 0.1374 -0.9565 0.2571
vn 0.4691 0.0975 0.8777
vn 0.0464 0.9951 0.0869
vn 0.0464 -0.9951 0.0869
vn 0.4691 -0.0975 0.8777
vn 0.1374 0.9565 0.2571
vn 0.4513 -0.2890 0.8443
vn 0.2230 0.8810 0.4173
vn 0.4162 -0.4696 0.7786
vn 0.2999 0.7715 0.5611
vn 0.3651 -0.6326 0.6831
vn 0.2889 -0.0975 0.9524
vn 0.0846 0.9565 0.2790
vn 0.2779 -0.2890 0.9161
vn 0.1374 0.8810 0.4528
vn 0.2563 -0.4696 0.8448
vn 0.1847 0.7715 0.6088
vn 0.2248 -0.6326 0.7412
vn 0.2248 0.6326 0.7412
vn 0.1847 -0.7715 0.6088
vn 0.2563 0.4696 0.8448
vn 0.1374 -0.8810 0.4528
vn 0.2779 0.2890 0.9161
vn 0.0846 -0.9565 0.2790
vn 0.2889 0.0975 0.9524
vn 0.0286 0.9951 0.0942
vn 0.0286 -0.9951 0.0942
vn 0.0624 -0.7715 0.6332
vn 0.0865 0.4696 0.8786
vn 0.0464 -0.8810 0.4709
vn 0.0938 0.2890 0.9527
vn 0.0286 -0.9565 0.2902
vn 0.0975 0.0975 0.9904
vn 0.0097 0.9951 0.0980
vn 0.0097 -0.9951 0.0980
vn 0.0975 -0.0975 0.9904
vn 0.0286 0.9565 0.2902
vn 0.0938 -0.2890 0.9527
vn 0.0464 0.8810 0.4709
vn 0.0865 -0.4696 0.8786
vn 0.0624 0.7715 0.6332
vn 0.0759 -0.6326 0.7708
vn 0.0759 0.6326 0.7708
vn -0.0286 0.9565 0.2902
vn -0.0938 -0.2890 0.9527
vn -0.0464 0.8810 0.4709
vn -0.0865 -0.4696 0.8786
vn -0.0624 0.7715 0.6332
vn -0.0759 -0.6326 0.7708
vn -0.0759 0.6326 0.7708
vn -0.0624 -0.7715 0.6332
vn -0.0865 0.4696 0.8786
vn -0.0464 -0.8810 0.4709
vn -0.0938 0.2890 0.9527
vn -0.0286 -0.9565 0.2902
vn -0.0976 0.0975 0.9904
vn -0.0097 0.9951 0.0980
vn -0.0097 -0.9951 0.0980
vn -0.0976 -0.0975 0.9904
vn -0.2563 0.4696 0.8448
vn -0.1374 -0.8810 0.4528
vn -0.2779 0.2890 0.9161
vn -0.0846 -0.9565 0.2790
vn -0.2889 0.0975 0.9524
vn -0.0286 0.9951 0.0942
vn -0.0286 -0.9951 0.0942
vn -0.2889 -0.0975 0.9524
vn -0.0846 0.9565 0.2790
vn -0.2779 -0.2890 0.9161
vn -0.1374 0.8810 0.4528
vn -0.2563 -0.4696 0.8448
vn -0.1847 0.7715 0.6088
vn -0.2248 -0.6326 0.7412
vn -0.2248 0.6326 0.7412
vn -0.1847 -0.7715 0.6088
vn -0.4513 -0.2890 0.8443
vn -0.2230 0.8810 0.4173
vn -0.4162 -0.4696 0.7786
vn -0.2999 0.7715 0.5611
vn -0.3651 -0.6326 0.6831
vn -0.3651 0.6326 0.6831
vn -0.2999 -0.7715 0.5611
vn -0.4162 0.4696 0.7786
vn -0.2230 -0.8810 0.4173
vn -0.4513 0.2890 0.8443
vn -0.1374 -0.9565 0.2571
vn -0.4691 0.0975 0.8777
vn -0.0464 0.9951 0.0869
vn -0.0464 -0.9951 0.0869
vn -0.4691 -0.0975 0.8777
vn -0.1374 0.9565 0.2571
vn -0.3002 -0.8810 0.3658
vn -0.6073 0.2890 0.7400
vn -0.1850 -0.9565 0.2254
vn -0.6314 0.0975 0.7693
vn -0.0625 0.9951 0.0761
vn -0.0625 -0.9951 0.0761
vn -0.6314 -0.0975 0.7693
vn -0.1850 0.9565 0.2254
vn -0.6073 -0.2890 0.7400
vn -0.3002 0.8810 0.3658
vn -0.5601 -0.4696 0.6825
vn -0.4036 0.7715 0.4918
vn -0.4913 -0.6326 0.5987
vn -0.4913 0.6326 0.5987
vn -0.4036 -0.7715 0.4918
vn -0.5601 0.4696 0.6825
vn -0.6825 -0.4696 0.5601
vn -0.4918 0.7715 0.4036
vn -0.5987 -0.6326 0.4913
vn -0.5987 0.6326 0.4913
vn -0.4918 -0.7715 0.4036
vn -0.6825 0.4696 0.5601
vn -0.3658 -0.8810 0.3002
vn -0.7400 0.2890 0.6073
vn -0.2254 -0.9565 0.1850
vn -0.7693 0.0975 0.6314
vn -0.0761 0.9951 0.0625
vn -0.0761 -0.9951 0.0625
vn -0.7693 -0.0975 0.6314
vn -0.2254 0.9565 0.1850
vn -0.7400 -0.2890 0.6073
vn -0.3658 0.8810 0.3002
vn -0.2571 -0.9565 0.1374
vn -0.8777 0.0975 0.4691
vn -0.0869 0.9951 0.0464
vn -0.0869 -0.9951 0.0464
vn -0.8777 -0.0975 0.4691
vn -0.2571 0.9565 0.1374
vn -0.8443 -0.2890 0.4513
vn -0.4173 0.8810 0.2230
vn -0.7786 -0.4696 0.4162
vn -0.5611 0.7715 0.2999
vn -0.6831 -0.6326 0.3651
vn -0.6831 0.6326 0.3651
vn -0.5611 -0.7715 0.2999
vn -0.7786 0.4696 0.4162
vn -0.4173 -0.8810 0.2230
vn -0.8443 0.2890 0.4513
vn -0.6088 0.7715 0.1847
vn -0.7412 -0.6326 0.2248
vn -0.7412 0.6326 0.2248
vn -0.6088 -0.7715 0.1847
vn -0.8448 0.4696 0.2563
vn -0.4528 -0.8810 0.1374
vn -0.9161 0.2890 0.2779
vn -0.2790 -0.9565 0.0846
vn -0.9524 0.0975 0.2889
vn -0.0942 0.9951 0.0286
vn -0.0942 -0.9951 0.0286
vn -0.9524 -0.0975 0.2889
vn -0.2790 0.9565 0.0846
vn -0.9161 -0.2890 0.2779
vn -0.4528 0.8810 0.1374
vn -0.8448 -0.4696 0.2563
vn -0.9904 0.0975 0.0975
vn -0.0980 0.9951 0.0097
vn -0.0980 -0.9951 0.0097
vn -0.9904 -0.0975 0.0975
vn -0.2902 0.9565 0.0286
vn -0.9527 -0.2890 0.0938
vn -0.4709 0.8810 0.0464
vn -0.8786 -0.4696 0.0865
vn -0.6332 0.7715 0.0624
vn -0.7708 -0.6326 0.0759
vn -0.7708 0.6326 0.0759
vn -0.6332 -0.7715 0.0624
vn -0.8786 0.4696 0.0865
vn -0.4709 -0.8810 0.0464
vn -0.9527 0.2890 0.0938
vn -0.2902 -0.9565 0.0286
vn -0.7708 -0.6326 -0.0759
vn -0.7708 0.6326 -0.0759
vn -0.6332 -0.7715 -0.0624
vn -0.8786 0.4696 -0.0865
vn -0.4709 -0.8810 -0.0464
vn -0.9527 0.2890 -0.0938
vn -0.2902 -0.9565 -0.0286
vn -0.9904 0.0975 -0.0976
vn -0.0980 0.9951 -0.0097
vn -0.0980 -0.9951 -0.0097
vn -0.9904 -0.0975 -0.0976
vn -0.2902 0.9565 -0.0286
vn -0.9527 -0.2890 -0.0938
vn -0.4709 0.8810 -0.0464
vn -0.8786 -0.4696 -0.0865
vn -0.6332 0.7715 -0.0624
vn -0.0942 0.9951 -0.0286
vn -0.0942 -0.9951 -0.0286
vn -0.9524 -0.0975 -0.2889
vn -0.2790 0.9565 -0.0846
vn -0.9161 -0.2890 -0.2779
vn -0.4528 0.8810 -0.1374
vn -0.8448 -0.4696 -0.2563
vn -0.6088 0.7715 -0.1847
vn -0.7412 -0.6326 -0.2248
vn -0.7412 0.6326 -0.2248
vn -0.6088 -0.7715 -0.1847
vn -0.8448 0.4696 -0.2563
vn -0.4528 -0.8810 -0.1374
vn -0.9161 0.2890 -0.2779
vn -0.2790 -0.9565 -0.0846
vn -0.9524 0.0975 -0.2889
vn -0.6831 0.6326 -0.3651
vn -0.5611 -0.7715 -0.2999
vn -0.7786 0.4696 -0.4162
vn -0.4173 -0.8810 -0.2231
vn -0.8443 0.2890 -0.4513
vn -0.2571 -0.9565 -0.1374
vn -0.8777 0.0975 -0.4691
vn -0.0869 0.9951 -0.0464
vn -0.0869 -0.9951 -0.0464
vn -0.8777 -0.0975 -0.4691
vn -0.2571 0.9565 -0.1374
vn -0.8443 -0.2890 -0.4513
vn -0.4173 0.8810 -0.2231
vn -0.7786 -0.4696 -0.4162
vn -0.5611 0.7715 -0.2999
vn -0.6831 -0.6326 -0.3651
vn -0.7693 -0.0975 -0.6314
vn -0.2254 0.9565 -0.1850
vn -0.7400 -0.2890 -0.6073
vn -0.3658 0.8810 -0.3002
vn -0.6825 -0.4696 -0.5601
vn -0.4918 0.7715 -0.4036
vn -0.5987 -0.6326 -0.4913
vn -0.5987 0.6326 -0.4913
vn -0.4918 -0.7715 -0.4036
vn -0.6825 0.4696 -0.5601
vn -0.3658 -0.8810 -0.3002
vn -0.7400 0.2890 -0.6073
vn -0.2254 -0.9565 -0.1850
vn -0.7693 0.0975 -0.6314
vn -0.0761 0.9951 -0.0625
vn -0.0761 -0.9951 -0.0625
vn -0.4036 -0.7715 -0.4918
vn -0.5601 0.4696 -0.6825
vn -0.3002 -0.8810 -0.3658
vn -0.6073 0.2890 -0.7400
vn -0.1850 -0.9565 -0.2254
vn -0.6314 0.0975 -0.7693
vn -0.0625 0.9951 -0.0761
vn -0.0625 -0.9951 -0.0761
vn -0.6314 -0.0975 -0.7693
vn -0.1850 0.9565 -0.2254
vn -0.6073 -0.2890 -0.7400
vn -0.3002 0.8810 -0.3658
vn -0.5601 -0.4696 -0.6825
vn -0.4036 0.7715 -0.4918
vn -0.4913 -0.6326 -0.5987
vn -0.4913 0.6326 -0.5987
vn -0.4513 -0.2890 -0.8443
vn -0.2230 0.8810 -0.4173
vn -0.4162 -0.4696 -0.7786
vn -0.2999 0.7715 -0.5611
vn -0.3651 -0.6326 -0.6831
vn -0.3651 0.6326 -0.6831
vn -0.2999 -0.7715 -0.5611
vn -0.4162 0.4696 -0.7786
vn -0.2230 -0.8810 -0.4173
vn -0.4513 0.2890 -0.8443
vn -0.1374 -0.9565 -0.2571
vn -0.4691 0.0975 -0.8777
vn -0.0464 0.9951 -0.0869
vn -0.0464 -0.9951 -0.0869
vn -0.4691 -0.0975 -0.8777
vn -0.1374 0.9565 -0.2571
vn -0.1374 -0.8810 -0.4528
vn -0.2779 0.2890 -0.9161
vn -0.0846 -0.9565 -0.2790
vn -0.2889 0.0975 -0.9524
vn -0.0286 0.9951 -0.0942
vn -0.0286 -0.9951 -0.0942
vn -0.2889 -0.0975 -0.9524
vn -0.0846 0.9565 -0.2790
vn -0.2779 -0.2890 -0.9161
vn -0.1374 0.8810 -0.4528
vn -0.2563 -0.4696 -0.8448
vn -0.1847 0.7715 -0.6088
vn -0.2248 -0.6326 -0.7412
vn -0.2248 0.6326 -0.7412
vn -0.1847 -0.7715 -0.6088
vn -0.2563 0.4696 -0.8448
vn -0.0464 0.8810 -0.4709
vn -0.0865 -0.4696 -0.8786
vn -0.0624 0.7715 -0.6332
vn -0.0759 -0.6326 -0.7708
vn -0.0759 0.6326 -0.7708
vn -0.0624 -0.7715 -0.6332
vn -0.0865 0.4696 -0.8786
vn -0.0464 -0.8810 -0.4709
vn -0.0938 0.2890 -0.9527
vn -0.0286 -0.9565 -0.2902
vn -0.0976 0.0975 -0.9904
vn -0.0097 0.9951 -0.0980
vn -0.0097 -0.9951 -0.0980
vn -0.0976 -0.0975 -0.9904
vn -0.0286 0.9565 -0.2902
vn -0.0938 -0.2890 -0.9527
vt 0.750000 0.375000
vt 0.750000 0.437500
vt 0.718750 0.437500
vt 0.718750 0.375000
vt 0.750000 0.812500
vt 0.750000 0.875000
vt 0.718750 0.875000
vt 0.718750 0.812500
vt 0.750000 0.312500
vt 0.718750 0.312500
vt 0.750000 0.750000
vt 0.718750 0.750000
vt 0.750000 0.250000
vt 0.718750 0.250000
vt 0.750000 0.687500
vt 0.718750 0.687500
vt 0.750000 0.187500
vt 0.718750 0.187500
vt 0.750000 0.625000
vt 0.718750 0.625000
vt 0.750000 0.125000
vt 0.718750 0.125000
vt 0.750000 0.562500
vt 0.718750 0.562500
vt 0.750000 0.062500
vt 0.718750 0.062500
vt 0.750000 0.500000
vt 0.718750 0.500000
vt 0.750000 0.937500
vt 0.734375 1.000000
vt 0.718750 0.937500
vt 0.734375 0.000000
vt 0.703125 0.000000
vt 0.687500 0.062500
vt 0.687500 0.500000
vt 0.687500 0.437500
vt 0.687500 0.937500
vt 0.687500 0.875000
vt 0.687500 0.375000
vt 0.687500 0.812500
vt 0.687500 0.312500
vt 0.687500 0.750000
vt 0.687500 0.250000
vt 0.687500 0.687500
vt 0.687500 0.187500
vt 0.687500 0.625000
vt 0.687500 0.125000
vt 0.687500 0.562500
vt 0.703125 1.000000
vt 0.656250 0.250000
vt 0.656250 0.187500
vt 0.656250 0.687500
vt 0.656250 0.625000
vt 0.656250 0.125000
vt 0.656250 0.562500
vt 0.656250 0.062500
vt 0.656250 0.500000
vt 0.671875 1.000000
vt 0.656250 0.937500
vt 0.671875 0.000000
vt 0.656250 0.437500
vt 0.656250 0.875000
vt 0.656250 0.375000
vt 0.656250 0.812500
vt 0.656250 0.312500
vt 0.656250 0.750000
vt 0.625000 0.937500
vt 0.625000 0.875000
vt 0.625000 0.437500
vt 0.625000 0.375000
vt 0.625000 0.812500
vt 0.625000 0.312500
vt 0.625000 0.750000
vt 0.625000 0.250000
vt 0.625000 0.687500
vt 0.625000 0.187500
vt 0.625000 0.625000
vt 0.625000 0.125000
vt 0.625000 0.562500
vt 0.625000 0.062500
vt 0.625000 0.500000
vt 0.640625 1.000000
vt 0.640625 0.000000
vt 0.593750 0.687500
vt 0.593750 0.625000
vt 0.593750 0.187500
vt 0.593750 0.125000
vt 0.593750 0.562500
vt 0.593750 0.062500
vt 0.593750 0.500000
vt 0.609375 1.000000
vt 0.593750 0.937500
vt 0.609375 0.000000
vt 0.593750 0.437500
vt 0.593750 0.875000
vt 0.593750 0.375000
vt 0.593750 0.812500
vt 0.593750 0.312500
vt 0.593750 0.750000
vt 0.593750 0.250000
vt 0.562500 0.437500
vt 0.562500 0.375000
vt 0.562500 0.875000
vt 0.562500 0.812500
vt 0.562500 0.312500
vt 0.562500 0.750000
vt 0.562500 0.250000
vt 0.562500 0.687500
vt 0.562500 0.187500
vt 0.562500 0.625000
vt 0.562500 0.125000
vt 0.562500 0.562500
vt 0.562500 0.062500
vt 0.562500 0.500000
vt 0.578125 1.000000
vt 0.562500 0.937500
vt 0.578125 0.000000
vt 0.531250 0.187500
vt 0.531250 0.125000
vt 0.531250 0.625000
vt 0.531250 0.562500
vt 0.531250 0.062500
vt 0.531250 0.500000
vt 0.546875 1.000000
vt 0.531250 0.937500
vt 0.546875 0.000000
vt 0.531250 0.437500
vt 0.531250 0.875000
vt 0.531250 0.375000
vt 0.531250 0.812500
vt 0.531250 0.312500
vt 0.531250 0.750000
vt 0.531250 0.250000
vt 0.531250 0.687500
vt 0.500000 0.875000
vt 0.500000 0.812500
vt 0.500000 0.375000
vt 0.500000 0.312500
vt 0.500000 0.750000
vt 0.500000 0.250000
vt 0.500000 0.687500
vt 0.500000 0.187500
vt 0.500000 0.625000
vt 0.500000 0.125000
vt 0.500000 0.562500
vt 0.500000 0.062500
vt 0.500000 0.500000
vt 0.515625 1.000000
vt 0.500000 0.937500
vt 0.515625 0.000000
vt 0.500000 0.437500
vt 0.468750 0.625000
vt 0.468750 0.562500
vt 0.468750 0.125000
vt 0.468750 0.062500
vt 0.468750 0.500000
vt 0.484375 1.000000
vt 0.468750 0.937500
vt 0.484375 0.000000
vt 0.468750 0.437500
vt 0.468750 0.875000
vt 0.468750 0.375000
vt 0.468750 0.812500
vt 0.468750 0.312500
vt 0.468750 0.750000
vt 0.468750 0.250000
vt 0.468750 0.687500
vt 0.468750 0.187500
vt 0.437500 0.375000
vt 0.437500 0.312500
vt 0.437500 0.812500
vt 0.437500 0.750000
vt 0.437500 0.250000
vt 0.437500 0.687500
vt 0.437500 0.187500
vt 0.437500 0.625000
vt 0.437500 0.125000
vt 0.437500 0.562500
vt 0.437500 0.062500
vt 0.437500 0.500000
vt 0.453125 1.000000
vt 0.437500 0.937500
vt 0.453125 0.000000
vt 0.437500 0.437500
vt 0.437500 0.875000
vt 0.406250 0.125000
vt 0.406250 0.062500
vt 0.406250 0.562500
vt 0.406250 0.500000
vt 0.421875 1.000000
vt 0.406250 0.937500
vt 0.421875 0.000000
vt 0.406250 0.437500
vt 0.406250 0.875000
vt 0.406250 0.375000
vt 0.406250 0.812500
vt 0.406250 0.312500
vt 0.406250 0.750000
vt 0.406250 0.250000
vt 0.406250 0.687500
vt 0.406250 0.187500
vt 0.406250 0.625000
vt 0.375000 0.312500
vt 0.375000 0.250000
vt 0.375000 0.750000
vt 0.375000 0.687500
vt 0.375000 0.187500
vt 0.375000 0.625000
vt 0.375000 0.125000
vt 0.375000 0.562500
vt 0.375000 0.062500
vt 0.375000 0.500000
vt 0.390625 1.000000
vt 0.375000 0.937500
vt 0.390625 0.000000
vt 0.375000 0.437500
vt 0.375000 0.875000
vt 0.375000 0.375000
vt 0.375000 0.812500
vt 0.359375 1.000000
vt 0.343750 0.937500
vt 0.359375 0.000000
vt 0.343750 0.062500
vt 0.343750 0.500000
vt 0.343750 0.437500
vt 0.343750 0.875000
vt 0.343750 0.375000
vt 0.343750 0.812500
vt 0.343750 0.312500
vt 0.343750 0.750000
vt 0.343750 0.250000
vt 0.343750 0.687500
vt 0.343750 0.187500
vt 0.343750 0.625000
vt 0.343750 0.125000
vt 0.343750 0.562500
vt 0.312500 0.750000
vt 0.312500 0.687500
vt 0.312500 0.250000
vt 0.312500 0.187500
vt 0.312500 0.625000
vt 0.312500 0.125000
vt 0.312500 0.562500
vt 0.312500 0.062500
vt 0.312500 0.500000
vt 0.328125 1.000000
vt 0.312500 0.937500
vt 0.328125 0.000000
vt 0.312500 0.437500
vt 0.312500 0.875000
vt 0.312500 0.375000
vt 0.312500 0.812500
vt 0.312500 0.312500
vt 0.281250 0.500000
vt 0.281250 0.437500
vt 0.281250 0.937500
vt 0.281250 0.875000
vt 0.281250 0.375000
vt 0.281250 0.812500
vt 0.281250 0.312500
vt 0.281250 0.750000
vt 0.281250 0.250000
vt 0.281250 0.687500
vt 0.281250 0.187500
vt 0.281250 0.625000
vt 0.281250 0.125000
vt 0.281250 0.562500
vt 0.281250 0.062500
vt 0.296875 1.000000
vt 0.296875 0.000000
vt 0.250000 0.250000
vt 0.250000 0.187500
vt 0.250000 0.687500
vt 0.250000 0.625000
vt 0.250000 0.125000
vt 0.250000 0.562500
vt 0.250000 0.062500
vt 0.250000 0.500000
vt 0.265625 1.000000
vt 0.250000 0.937500
vt 0.265625 0.000000
vt 0.250000 0.437500
vt 0.250000 0.875000
vt 0.250000 0.375000
vt 0.250000 0.812500
vt 0.250000 0.312500
vt 0.250000 0.750000
vt 0.218750 0.937500
vt 0.218750 0.875000
vt 0.218750 0.437500
vt 0.218750 0.375000
vt 0.218750 0.812500
vt 0.218750 0.312500
vt 0.218750 0.750000
vt 0.218750 0.250000
vt 0.218750 0.687500
vt 0.218750 0.187500
vt 0.218750 0.625000
vt 0.218750 0.125000
vt 0.218750 0.562500
vt 0.218750 0.062500
vt 0.218750 0.500000
vt 0.234375 1.000000
vt 0.234375 0.000000
vt 0.187500 0.687500
vt 0.187500 0.625000
vt 0.187500 0.187500
vt 0.187500 0.125000
vt 0.187500 0.562500
vt 0.187500 0.062500
vt 0.187500 0.500000
vt 0.203125 1.000000
vt 0.187500 0.937500
vt 0.203125 0.000000
vt 0.187500 0.437500
vt 0.187500 0.875000
vt 0.187500 0.375000
vt 0.187500 0.812500
vt 0.187500 0.312500
vt 0.187500 0.750000
vt 0.187500 0.250000
vt 0.156250 0.437500
vt 0.156250 0.375000
vt 0.156250 0.875000
vt 0.156250 0.812500
vt 0.156250 0.312500
vt 0.156250 0.750000
vt 0.156250 0.250000
vt 0.156250 0.687500
vt 0.156250 0.187500
vt 0.156250 0.625000
vt 0.156250 0.125000
vt 0.156250 0.562500
vt 0.156250 0.062500
vt 0.156250 0.500000
vt 0.171875 1.000000
vt 0.156250 0.937500
vt 0.171875 0.000000
vt 0.125000 0.187500
vt 0.125000 0.125000
vt 0.125000 0.625000
vt 0.125000 0.562500
vt 0.125000 0.062500
vt 0.125000 0.500000
vt 0.140625 1.000000
vt 0.125000 0.937500
vt 0.140625 0.000000
vt 0.125000 0.437500
vt 0.125000 0.875000
vt 0.125000 0.375000
vt 0.125000 0.812500
vt 0.125000 0.312500
vt 0.125000 0.750000
vt 0.125000 0.250000
vt 0.125000 0.687500
vt 0.093750 0.375000
vt 0.093750 0.312500
vt 0.093750 0.812500
vt 0.093750 0.750000
vt 0.093750 0.250000
vt 0.093750 0.687500
vt 0.093750 0.187500
vt 0.093750 0.625000
vt 0.093750 0.125000
vt 0.093750 0.562500
vt 0.093750 0.062500
vt 0.093750 0.500000
vt 0.109375 1.000000
vt 0.093750 0.937500
vt 0.109375 0.000000
vt 0.093750 0.437500
vt 0.093750 0.875000
vt 0.062500 0.125000
vt 0.062500 0.062500
vt 0.062500 0.562500
vt 0.062500 0.500000
vt 0.078125 1.000000
vt 0.062500 0.937500
vt 0.078125 0.000000
vt 0.062500 0.437500
vt 0.062500 0.875000
vt 0.062500 0.375000
vt 0.062500 0.812500
vt 0.062500 0.312500
vt 0.062500 0.750000
vt 0.062500 0.250000
vt 0.062500 0.687500
vt 0.062500 0.187500
vt 0.062500 0.625000
vt 0.031250 0.812500
vt 0.031250 0.750000
vt 0.031250 0.312500
vt 0.031250 0.250000
vt 0.031250 0.687500
vt 0.031250 0.187500
vt 0.031250 0.625000
vt 0.031250 0.125000
vt 0.031250 0.562500
vt 0.031250 0.062500
vt 0.031250 0.500000
vt 0.046875 1.000000
vt 0.031250 0.937500
vt 0.046875 0.000000
vt 0.031250 0.437500
vt 0.031250 0.875000
vt 0.031250 0.375000
vt 0.000000 0.562500
vt 0.000000 0.500000
vt 0.015625 1.000000
vt 0.000000 0.937500
vt 0.015625 0.000000
vt 0.000000 0.062500
vt 0.000000 0.437500
vt 0.000000 0.875000
vt 0.000000 0.375000
vt 0.000000 0.812500
vt 0.000000 0.312500
vt 0.000000 0.750000
vt 0.000000 0.250000
vt 0.000000 0.687500
vt 0.000000 0.187500
vt 0.000000 0.625000
vt 0.000000 0.125000
vt 1.000000 0.250000
vt 1.000000 0.312500
vt 0.968750 0.312500
vt 0.968750 0.250000
vt 1.000000 0.687500
vt 1.000000 0.750000
vt 0.968750 0.750000
vt 0.968750 0.687500
vt 1.000000 0.187500
vt 0.968750 0.187500
vt 1.000000 0.625000
vt 0.968750 0.625000
vt 1.000000 0.125000
vt 0.968750 0.125000
vt 1.000000 0.562500
vt 0.968750 0.562500
vt 1.000000 0.062500
vt 0.968750 0.062500
vt 1.000000 0.500000
vt 0.968750 0.500000
vt 1.000000 0.937500
vt 0.984375 1.000000
vt 0.968750 0.937500
vt 0.984375 0.000000
vt 1.000000 0.437500
vt 0.968750 0.437500
vt 1.000000 0.875000
vt 0.968750 0.875000
vt 1.000000 0.375000
vt 0.968750 0.375000
vt 1.000000 0.812500
vt 0.968750 0.812500
vt 0.953125 1.000000
vt 0.937500 0.937500
vt 0.953125 0.000000
vt 0.937500 0.062500
vt 0.937500 0.500000
vt 0.937500 0.437500
vt 0.937500 0.875000
vt 0.937500 0.375000
vt 0.937500 0.812500
vt 0.937500 0.312500
vt 0.937500 0.750000
vt 0.937500 0.250000
vt 0.937500 0.687500
vt 0.937500 0.187500
vt 0.937500 0.625000
vt 0.937500 0.125000
vt 0.937500 0.562500
vt 0.906250 0.750000
vt 0.906250 0.687500
vt 0.906250 0.250000
vt 0.906250 0.187500
vt 0.906250 0.625000
vt 0.906250 0.125000
vt 0.906250 0.562500
vt 0.906250 0.062500
vt 0.906250 0.500000
vt 0.921875 1.000000
vt 0.906250 0.937500
vt 0.921875 0.000000
vt 0.906250 0.437500
vt 0.906250 0.875000
vt 0.906250 0.375000
vt 0.906250 0.812500
vt 0.906250 0.312500
vt 0.875000 0.500000
vt 0.875000 0.437500
vt 0.875000 0.937500
vt 0.875000 0.875000
vt 0.875000 0.375000
vt 0.875000 0.812500
vt 0.875000 0.312500
vt 0.875000 0.750000
vt 0.875000 0.250000
vt 0.875000 0.687500
vt 0.875000 0.187500
vt 0.875000 0.625000
vt 0.875000 0.125000
vt 0.875000 0.562500
vt 0.875000 0.062500
vt 0.890625 1.000000
vt 0.890625 0.000000
vt 0.843750 0.250000
vt 0.843750 0.187500
vt 0.843750 0.687500
vt 0.843750 0.625000
vt 0.843750 0.125000
vt 0.843750 0.562500
vt 0.843750 0.062500
vt 0.843750 0.500000
vt 0.859375 1.000000
vt 0.843750 0.937500
vt 0.859375 0.000000
vt 0.843750 0.437500
vt 0.843750 0.875000
vt 0.843750 0.375000
vt 0.843750 0.812500
vt 0.843750 0.312500
vt 0.843750 0.750000
vt 0.812500 0.437500
vt 0.812500 0.375000
vt 0.812500 0.875000
vt 0.812500 0.812500
vt 0.812500 0.312500
vt 0.812500 0.750000
vt 0.812500 0.250000
vt 0.812500 0.687500
vt 0.812500 0.187500
vt 0.812500 0.625000
vt 0.812500 0.125000
vt 0.812500 0.562500
vt 0.812500 0.062500
vt 0.812500 0.500000
vt 0.828125 1.000000
vt 0.812500 0.937500
vt 0.828125 0.000000
vt 0.781250 0.187500
vt 0.781250 0.125000
vt 0.781250 0.625000
vt 0.781250 0.562500
vt 0.781250 0.062500
vt 0.781250 0.500000
vt 0.796875 1.000000
vt 0.781250 0.937500
vt 0.796875 0.000000
vt 0.781250 0.437500
vt 0.781250 0.875000
vt 0.781250 0.375000
vt 0.781250 0.812500
vt 0.781250 0.312500
vt 0.781250 0.750000
vt 0.781250 0.250000
vt 0.781250 0.687500
vt 0.765625 1.000000
vt 0.765625 0.000000
s 0
f 960/560/513 487/561/513 497/562/513 498/563/513
f 483/564/514 957/565/514 490/566/514 491/567/514
f 488/568/515 960/560/515 498/563/515 499/569/515
f 958/570/516 483/564/516 491/567/516 492/571/516
f 961/572/517 488/568/517 499/569/517 500/573/517
f 484/574/518 958/570/518 492/571/518 493/575/518
f 962/576/519 961/572/519 500/573/519 501/577/519
f 959/578/520 484/574/520 493/575/520 494/579/520
f 963/580/521 962/576/521 501/577/521 502/581/521
f 485/582/522 959/578/522 494/579/522 495/583/522
f 964/584/523 963/580/523 502/581/523 503/585/523
f 486/586/524 485/582/524 495/583/524 496/587/524
f 956/588/525 564/589/525 489/590/525
f 790/591/526 964/584/526 503/585/526
f 487/561/527 486/586/527 496/587/527 497/562/527
f 957/565/528 956/588/528 489/590/528 490/566/528
f 790/592/529 503/585/529 518/593/529
f 497/562/530 496/587/530 511/594/530 512/595/530
f 490/566/531 489/590/531 504/596/531 505/597/531
f 498/563/532 497/562/532 512/595/532 513/598/532
f 491/567/533 490/566/533 505/597/533 506/599/533
f 499/569/534 498/563/534 513/598/534 514/600/534
f 492/571/535 491/567/535 506/599/535 507/601/535
f 500/573/536 499/569/536 514/600/536 515/602/536
f 493/575/537 492/571/537 507/601/537 508/603/537
f 501/577/538 500/573/538 515/602/538 516/604/538
f 494/579/539 493/575/539 508/603/539 509/605/539
f 502/581/540 501/577/540 516/604/540 517/606/540
f 495/583/541 494/579/541 509/605/541 510/607/541
f 503/585/542 502/581/542 517/606/542 518/593/542
f 496/587/543 495/583/543 510/607/543 511/594/543
f 489/590/544 564/608/544 504/596/544
f 516/604/545 515/602/545 530/609/545 531/610/545
f 509/605/546 508/603/546 523/611/546 524/612/546
f 517/606/547 516/604/547 531/610/547 532/613/547
f 510/607/548 509/605/548 524/612/548 525/614/548
f 518/593/549 517/606/549 532/613/549 533/615/549
f 511/594/550 510/607/550 525/614/550 526/616/550
f 504/596/551 564/617/551 519/618/551
f 790/619/552 518/593/552 533/615/552
f 512/595/553 511/594/553 526/616/553 527/620/553
f 505/597/554 504/596/554 519/618/554 520/621/554
f 513/598/555 512/595/555 527/620/555 528/622/555
f 506/599/556 505/597/556 520/621/556 521/623/556
f 514/600/557 513/598/557 528/622/557 529/624/557
f 507/601/558 506/599/558 521/623/558 522/625/558
f 515/602/559 514/600/559 529/624/559 530/609/559
f 508/603/560 507/601/560 522/625/560 523/611/560
f 520/621/561 519/618/561 534/626/561 535/627/561
f 528/622/562 527/620/562 542/628/562 543/629/562
f 521/623/563 520/621/563 535/627/563 536/630/563
f 529/624/564 528/622/564 543/629/564 544/631/564
f 522/625/565 521/623/565 536/630/565 537/632/565
f 530/609/566 529/624/566 544/631/566 545/633/566
f 523/611/567 522/625/567 537/632/567 538/634/567
f 531/610/568 530/609/568 545/633/568 546/635/568
f 524/612/569 523/611/569 538/634/569 539/636/569
f 532/613/570 531/610/570 546/635/570 547/637/570
f 525/614/571 524/612/571 539/636/571 540/638/571
f 533/615/572 532/613/572 547/637/572 548/639/572
f 526/616/573 525/614/573 540/638/573 541/640/573
f 519/618/574 564/641/574 534/626/574
f 790/642/575 533/615/575 548/639/575
f 527/620/576 526/616/576 541/640/576 542/628/576
f 539/636/577 538/634/577 553/643/577 554/644/577
f 547/637/578 546/635/578 561/645/578 562/646/578
f 540/638/579 539/636/579 554/644/579 555/647/579
f 548/639/580 547/637/580 562/646/580 563/648/580
f 541/640/581 540/638/581 555/647/581 556/649/581
f 534/626/582 564/650/582 549/651/582
f 790/652/583 548/639/583 563/648/583
f 542/628/584 541/640/584 556/649/584 557/653/584
f 535/627/585 534/626/585 549/651/585 550/654/585
f 543/629/586 542/628/586 557/653/586 558/655/586
f 536/630/587 535/627/587 550/654/587 551/656/587
f 544/631/588 543/629/588 558/655/588 559/657/588
f 537/632/589 536/630/589 551/656/589 552/658/589
f 545/633/590 544/631/590 559/657/590 560/659/590
f 538/634/591 537/632/591 552/658/591 553/643/591
f 546/635/592 545/633/592 560/659/592 561/645/592
f 558/655/593 557/653/593 573/660/593 574/661/593
f 551/656/594 550/654/594 566/662/594 567/663/594
f 559/657/595 558/655/595 574/661/595 575/664/595
f 552/658/596 551/656/596 567/663/596 568/665/596
f 560/659/597 559/657/597 575/664/597 576/666/597
f 553/643/598 552/658/598 568/665/598 569/667/598
f 561/645/599 560/659/599 576/666/599 577/668/599
f 554/644/600 553/643/600 569/667/600 570/669/600
f 562/646/601 561/645/601 577/668/601 578/670/601
f 555/647/602 554/644/602 570/669/602 571/671/602
f 563/648/603 562/646/603 578/670/603 579/672/603
f 556/649/604 555/647/604 571/671/604 572/673/604
f 549/651/605 564/674/605 565/675/605
f 790/676/606 563/648/606 579/672/606
f 557/653/607 556/649/607 572/673/607 573/660/607
f 550/654/608 549/651/608 565/675/608 566/662/608
f 578/670/609 577/668/609 592/677/609 593/678/609
f 571/671/610 570/669/610 585/679/610 586/680/610
f 579/672/611 578/670/611 593/678/611 594/681/611
f 572/673/612 571/671/612 586/680/612 587/682/612
f 565/675/613 564/683/613 580/684/613
f 790/685/614 579/672/614 594/681/614
f 573/660/615 572/673/615 587/682/615 588/686/615
f 566/662/616 565/675/616 580/684/616 581/687/616
f 574/661/617 573/660/617 588/686/617 589/688/617
f 567/663/618 566/662/618 581/687/618 582/689/618
f 575/664/619 574/661/619 589/688/619 590/690/619
f 568/665/620 567/663/620 582/689/620 583/691/620
f 576/666/621 575/664/621 590/690/621 591/692/621
f 569/667/622 568/665/622 583/691/622 584/693/622
f 577/668/623 576/666/623 591/692/623 592/677/623
f 570/669/624 569/667/624 584/693/624 585/679/624
f 582/689/625 581/687/625 596/694/625 597/695/625
f 590/690/626 589/688/626 604/696/626 605/697/626
f 583/691/627 582/689/627 597/695/627 598/698/627
f 591/692/628 590/690/628 605/697/628 606/699/628
f 584/693/629 583/691/629 598/698/629 599/700/629
f 592/677/630 591/692/630 606/699/630 607/701/630
f 585/679/631 584/693/631 599/700/631 600/702/631
f 593/678/632 592/677/632 607/701/632 608/703/632
f 586/680/633 585/679/633 600/702/633 601/704/633
f 594/681/634 593/678/634 608/703/634 609/705/634
f 587/682/635 586/680/635 601/704/635 602/706/635
f 580/684/636 564/707/636 595/708/636
f 790/709/637 594/681/637 609/705/637
f 588/686/638 587/682/638 602/706/638 603/710/638
f 581/687/639 580/684/639 595/708/639 596/694/639
f 589/688/640 588/686/640 603/710/640 604/696/640
f 601/704/641 600/702/641 615/711/641 616/712/641
f 609/705/642 608/703/642 623/713/642 624/714/642
f 602/706/643 601/704/643 616/712/643 617/715/643
f 595/708/644 564/716/644 610/717/644
f 790/718/645 609/705/645 624/714/645
f 603/710/646 602/706/646 617/715/646 618/719/646
f 596/694/647 595/708/647 610/717/647 611/720/647
f 604/696/648 603/710/648 618/719/648 619/721/648
f 597/695/649 596/694/649 611/720/649 612/722/649
f 605/697/650 604/696/650 619/721/650 620/723/650
f 598/698/651 597/695/651 612/722/651 613/724/651
f 606/699/652 605/697/652 620/723/652 621/725/652
f 599/700/653 598/698/653 613/724/653 614/726/653
f 607/701/654 606/699/654 621/725/654 622/727/654
f 600/702/655 599/700/655 614/726/655 615/711/655
f 608/703/656 607/701/656 622/727/656 623/713/656
f 620/723/657 619/721/657 634/728/657 635/729/657
f 613/724/658 612/722/658 627/730/658 628/731/658
f 621/725/659 620/723/659 635/729/659 636/732/659
f 614/726/660 613/724/660 628/731/660 629/733/660
f 622/727/661 621/725/661 636/732/661 637/734/661
f 615/711/662 614/726/662 629/733/662 630/735/662
f 623/713/663 622/727/663 637/734/663 638/736/663
f 616/712/664 615/711/664 630/735/664 631/737/664
f 624/714/665 623/713/665 638/736/665 639/738/665
f 617/715/666 616/712/666 631/737/666 632/739/666
f 610/717/667 564/740/667 625/741/667
f 790/742/668 624/714/668 639/738/668
f 618/719/669 617/715/669 632/739/669 633/743/669
f 611/720/670 610/717/670 625/741/670 626/744/670
f 619/721/671 618/719/671 633/743/671 634/728/671
f 612/722/672 611/720/672 626/744/672 627/730/672
f 639/738/673 638/736/673 653/745/673 654/746/673
f 632/739/674 631/737/674 646/747/674 647/748/674
f 625/741/675 564/749/675 640/750/675
f 790/751/676 639/738/676 654/746/676
f 633/743/677 632/739/677 647/748/677 648/752/677
f 626/744/678 625/741/678 640/750/678 641/753/678
f 634/728/679 633/743/679 648/752/679 649/754/679
f 627/730/680 626/744/680 641/753/680 642/755/680
f 635/729/681 634/728/681 649/754/681 650/756/681
f 628/731/682 627/730/682 642/755/682 643/757/682
f 636/732/683 635/729/683 650/756/683 651/758/683
f 629/733/684 628/731/684 643/757/684 644/759/684
f 637/734/685 636/732/685 651/758/685 652/760/685
f 630/735/686 629/733/686 644/759/686 645/761/686
f 638/736/687 637/734/687 652/760/687 653/745/687
f 631/737/688 630/735/688 645/761/688 646/747/688
f 651/758/689 650/756/689 665/762/689 666/763/689
f 644/759/690 643/757/690 658/764/690 659/765/690
f 652/760/691 651/758/691 666/763/691 667/766/691
f 645/761/692 644/759/692 659/765/692 660/767/692
f 653/745/693 652/760/693 667/766/693 668/768/693
f 646/747/694 645/761/694 660/767/694 661/769/694
f 654/746/695 653/745/695 668/768/695 669/770/695
f 647/748/696 646/747/696 661/769/696 662/771/696
f 640/750/697 564/772/697 655/773/697
f 790/774/698 654/746/698 669/770/698
f 648/752/699 647/748/699 662/771/699 663/775/699
f 641/753/700 640/750/700 655/773/700 656/776/700
f 649/754/701 648/752/701 663/775/701 664/777/701
f 642/755/702 641/753/702 656/776/702 657/778/702
f 650/756/703 649/754/703 664/777/703 665/762/703
f 643/757/704 642/755/704 657/778/704 658/764/704
f 655/773/705 564/779/705 670/780/705
f 790/781/706 669/770/706 684/782/706
f 663/775/707 662/771/707 677/783/707 678/784/707
f 656/776/708 655/773/708 670/780/708 671/785/708
f 664/777/709 663/775/709 678/784/709 679/786/709
f 657/778/710 656/776/710 671/785/710 672/787/710
f 665/762/711 664/777/711 679/786/711 680/788/711
f 658/764/712 657/778/712 672/787/712 673/789/712
f 666/763/713 665/762/713 680/788/713 681/790/713
f 659/765/714 658/764/714 673/789/714 674/791/714
f 667/766/715 666/763/715 681/790/715 682/792/715
f 660/767/716 659/765/716 674/791/716 675/793/716
f 668/768/717 667/766/717 682/792/717 683/794/717
f 661/769/718 660/767/718 675/793/718 676/795/718
f 669/770/719 668/768/719 683/794/719 684/782/719
f 662/771/720 661/769/720 676/795/720 677/783/720
f 674/791/721 673/789/721 688/796/721 689/797/721
f 682/792/722 681/790/722 696/798/722 697/799/722
f 675/793/723 674/791/723 689/797/723 690/800/723
f 683/794/724 682/792/724 697/799/724 698/801/724
f 676/795/725 675/793/725 690/800/725 691/802/725
f 684/782/726 683/794/726 698/801/726 699/803/726
f 677/783/727 676/795/727 691/802/727 692/804/727
f 670/780/728 564/805/728 685/806/728
f 790/807/729 684/782/729 699/803/729
f 678/784/730 677/783/730 692/804/730 693/808/730
f 671/785/731 670/780/731 685/806/731 686/809/731
f 679/786/732 678/784/732 693/808/732 694/810/732
f 672/787/733 671/785/733 686/809/733 687/811/733
f 680/788/734 679/786/734 694/810/734 695/812/734
f 673/789/735 672/787/735 687/811/735 688/796/735
f 681/790/736 680/788/736 695/812/736 696/798/736
f 693/808/737 692/804/737 707/813/737 708/814/737
f 686/809/738 685/806/738 700/815/738 701/816/738
f 694/810/739 693/808/739 708/814/739 709/817/739
f 687/811/740 686/809/740 701/816/740 702/818/740
f 695/812/741 694/810/741 709/817/741 710/819/741
f 688/796/742 687/811/742 702/818/742 703/820/742
f 696/798/743 695/812/743 710/819/743 711/821/743
f 689/797/744 688/796/744 703/820/744 704/822/744
f 697/799/745 696/798/745 711/821/745 712/823/745
f 690/800/746 689/797/746 704/822/746 705/824/746
f 698/801/747 697/799/747 712/823/747 713/825/747
f 691/802/748 690/800/748 705/824/748 706/826/748
f 699/803/749 698/801/749 713/825/749 714/827/749
f 692/804/750 691/802/750 706/826/750 707/813/750
f 685/806/751 564/828/751 700/815/751
f 790/829/752 699/803/752 714/827/752
f 712/823/753 711/821/753 726/830/753 727/831/753
f 705/824/754 704/822/754 719/832/754 720/833/754
f 713/825/755 712/823/755 727/831/755 728/834/755
f 706/826/756 705/824/756 720/833/756 721/835/756
f 714/827/757 713/825/757 728/834/757 729/836/757
f 707/813/758 706/826/758 721/835/758 722/837/758
f 700/815/759 564/838/759 715/839/759
f 790/840/760 714/827/760 729/836/760
f 708/814/761 707/813/761 722/837/761 723/841/761
f 701/816/762 700/815/762 715/839/762 716/842/762
f 709/817/763 708/814/763 723/841/763 724/843/763
f 702/818/764 701/816/764 716/842/764 717/844/764
f 710/819/765 709/817/765 724/843/765 725/845/765
f 703/820/766 702/818/766 717/844/766 718/846/766
f 711/821/767 710/819/767 725/845/767 726/830/767
f 704/822/768 703/820/768 718/846/768 719/832/768
f 716/842/769 715/839/769 730/847/769 731/848/769
f 724/843/770 723/841/770 738/849/770 739/850/770
f 717/844/771 716/842/771 731/848/771 732/851/771
f 725/845/772 724/843/772 739/850/772 740/852/772
f 718/846/773 717/844/773 732/851/773 733/853/773
f 726/830/774 725/845/774 740/852/774 741/854/774
f 719/832/775 718/846/775 733/853/775 734/855/775
f 727/831/776 726/830/776 741/854/776 742/856/776
f 720/833/777 719/832/777 734/855/777 735/857/777
f 728/834/778 727/831/778 742/856/778 743/858/778
f 721/835/779 720/833/779 735/857/779 736/859/779
f 729/836/780 728/834/780 743/858/780 744/860/780
f 722/837/781 721/835/781 736/859/781 737/861/781
f 715/839/782 564/862/782 730/847/782
f 790/863/783 729/836/783 744/860/783
f 723/841/784 722/837/784 737/861/784 738/849/784
f 735/857/785 734/855/785 749/864/785 750/865/785
f 743/858/786 742/856/786 757/866/786 758/867/786
f 736/859/787 735/857/787 750/865/787 751/868/787
f 744/860/788 743/858/788 758/867/788 759/869/788
f 737/861/789 736/859/789 751/868/789 752/870/789
f 730/847/790 564/871/790 745/872/790
f 790/873/791 744/860/791 759/869/791
f 738/849/792 737/861/792 752/870/792 753/874/792
f 731/848/793 730/847/793 745/872/793 746/875/793
f 739/850/794 738/849/794 753/874/794 754/876/794
f 732/851/795 731/848/795 746/875/795 747/877/795
f 740/852/796 739/850/796 754/876/796 755/878/796
f 733/853/797 732/851/797 747/877/797 748/879/797
f 741/854/798 740/852/798 755/878/798 756/880/798
f 734/855/799 733/853/799 748/879/799 749/864/799
f 742/856/800 741/854/800 756/880/800 757/866/800
f 754/876/801 753/874/801 768/881/801 769/882/801
f 747/877/802 746/875/802 761/883/802 762/884/802
f 755/878/803 754/876/803 769/882/803 770/885/803
f 748/879/804 747/877/804 762/884/804 763/886/804
f 756/880/805 755/878/805 770/885/805 771/887/805
f 749/864/806 748/879/806 763/886/806 764/888/806
f 757/866/807 756/880/807 771/887/807 772/889/807
f 750/865/808 749/864/808 764/888/808 765/890/808
f 758/867/809 757/866/809 772/889/809 773/891/809
f 751/868/810 750/865/810 765/890/810 766/892/810
f 759/869/811 758/867/811 773/891/811 774/893/811
f 752/870/812 751/868/812 766/892/812 767/894/812
f 745/872/813 564/895/813 760/896/813
f 790/897/814 759/869/814 774/893/814
f 753/874/815 752/870/815 767/894/815 768/881/815
f 746/875/816 745/872/816 760/896/816 761/883/816
f 773/891/817 772/889/817 787/898/817 788/899/817
f 766/892/818 765/890/818 780/900/818 781/901/818
f 774/893/819 773/891/819 788/899/819 789/902/819
f 767/894/820 766/892/820 781/901/820 782/903/820
f 760/896/821 564/904/821 775/905/821
f 790/906/822 774/893/822 789/902/822
f 768/881/823 767/894/823 782/903/823 783/907/823
f 761/883/824 760/896/824 775/905/824 776/908/824
f 769/882/825 768/881/825 783/907/825 784/909/825
f 762/884/826 761/883/826 776/908/826 777/910/826
f 770/885/827 769/882/827 784/909/827 785/911/827
f 763/886/828 762/884/828 777/910/828 778/912/828
f 771/887/829 770/885/829 785/911/829 786/913/829
f 764/888/830 763/886/830 778/912/830 779/914/830
f 772/889/831 771/887/831 786/913/831 787/898/831
f 765/890/832 764/888/832 779/914/832 780/900/832
f 785/911/833 784/909/833 800/915/833 801/916/833
f 778/912/834 777/910/834 793/917/834 794/918/834
f 786/913/835 785/911/835 801/916/835 802/919/835
f 779/914/836 778/912/836 794/918/836 795/920/836
f 787/898/837 786/913/837 802/919/837 803/921/837
f 780/900/838 779/914/838 795/920/838 796/922/838
f 788/899/839 787/898/839 803/921/839 804/923/839
f 781/901/840 780/900/840 796/922/840 797/924/840
f 789/902/841 788/899/841 804/923/841 805/925/841
f 782/903/842 781/901/842 797/924/842 798/926/842
f 775/905/843 564/927/843 791/928/843
f 790/929/844 789/902/844 805/925/844
f 783/907/845 782/903/845 798/926/845 799/930/845
f 776/908/846 775/905/846 791/928/846 792/931/846
f 784/909/847 783/907/847 799/930/847 800/915/847
f 777/910/848 776/908/848 792/931/848 793/917/848
f 805/925/849 804/923/849 819/932/849 820/933/849
f 798/926/850 797/924/850 812/934/850 813/935/850
f 791/928/851 564/936/851 806/937/851
f 790/938/852 805/925/852 820/933/852
f 799/930/853 798/926/853 813/935/853 814/939/853
f 792/931/854 791/928/854 806/937/854 807/940/854
f 800/915/855 799/930/855 814/939/855 815/941/855
f 793/917/856 792/931/856 807/940/856 808/942/856
f 801/916/857 800/915/857 815/941/857 816/943/857
f 794/918/858 793/917/858 808/942/858 809/944/858
f 802/919/859 801/916/859 816/943/859 817/945/859
f 795/920/860 794/918/860 809/944/860 810/946/860
f 803/921/861 802/919/861 817/945/861 818/947/861
f 796/922/862 795/920/862 810/946/862 811/948/862
f 804/923/863 803/921/863 818/947/863 819/932/863
f 797/924/864 796/922/864 811/948/864 812/934/864
f 809/944/865 808/942/865 823/949/865 824/950/865
f 817/945/866 816/943/866 831/951/866 832/952/866
f 810/946/867 809/944/867 824/950/867 825/953/867
f 818/947/868 817/945/868 832/952/868 833/954/868
f 811/948/869 810/946/869 825/953/869 826/955/869
f 819/932/870 818/947/870 833/954/870 834/956/870
f 812/934/871 811/948/871 826/955/871 827/957/871
f 820/933/872 819/932/872 834/956/872 835/958/872
f 813/935/873 812/934/873 827/957/873 828/959/873
f 806/937/874 564/960/874 821/961/874
f 790/962/875 820/933/875 835/958/875
f 814/939/876 813/935/876 828/959/876 829/963/876
f 807/940/877 806/937/877 821/961/877 822/964/877
f 815/941/878 814/939/878 829/963/878 830/965/878
f 808/942/879 807/940/879 822/964/879 823/949/879
f 816/943/880 815/941/880 830/965/880 831/951/880
f 828/959/881 827/957/881 842/966/881 843/967/881
f 821/961/882 564/968/882 836/969/882
f 790/970/883 835/958/883 850/971/883
f 829/963/884 828/959/884 843/967/884 844/972/884
f 822/964/885 821/961/885 836/969/885 837/973/885
f 830/965/886 829/963/886 844/972/886 845/974/886
f 823/949/887 822/964/887 837/973/887 838/975/887
f 831/951/888 830/965/888 845/974/888 846/976/888
f 824/950/889 823/949/889 838/975/889 839/977/889
f 832/952/890 831/951/890 846/976/890 847/978/890
f 825/953/891 824/950/891 839/977/891 840/979/891
f 833/954/892 832/952/892 847/978/892 848/980/892
f 826/955/893 825/953/893 840/979/893 841/981/893
f 834/956/894 833/954/894 848/980/894 849/982/894
f 827/957/895 826/955/895 841/981/895 842/966/895
f 835/958/896 834/956/896 849/982/896 850/971/896
f 847/983/897 846/984/897 861/985/897 862/986/897
f 840/987/898 839/988/898 854/989/898 855/990/898
f 848/991/899 847/983/899 862/986/899 863/992/899
f 841/993/900 840/987/900 855/990/900 856/994/900
f 849/995/901 848/991/901 863/992/901 864/996/901
f 842/997/902 841/993/902 856/994/902 857/998/902
f 850/999/903 849/995/903 864/996/903 865/1000/903
f 843/1001/904 842/997/904 857/998/904 858/1002/904
f 836/1003/905 564/1004/905 851/1005/905
f 790/1006/906 850/999/906 865/1000/906
f 844/1007/907 843/1001/907 858/1002/907 859/1008/907
f 837/1009/908 836/1003/908 851/1005/908 852/1010/908
f 845/1011/909 844/1007/909 859/1008/909 860/1012/909
f 838/1013/910 837/1009/910 852/1010/910 853/1014/910
f 846/984/911 845/1011/911 860/1012/911 861/985/911
f 839/988/912 838/1013/912 853/1014/912 854/989/912
f 851/1005/913 564/1015/913 866/1016/913
f 790/1017/914 865/1000/914 880/1018/914
f 859/1008/915 858/1002/915 873/1019/915 874/1020/915
f 852/1010/916 851/1005/916 866/1016/916 867/1021/916
f 860/1012/917 859/1008/917 874/1020/917 875/1022/917
f 853/1014/918 852/1010/918 867/1021/918 868/1023/918
f 861/985/919 860/1012/919 875/1022/919 876/1024/919
f 854/989/920 853/1014/920 868/1023/920 869/1025/920
f 862/986/921 861/985/921 876/1024/921 877/1026/921
f 855/990/922 854/989/922 869/1025/922 870/1027/922
f 863/992/923 862/986/923 877/1026/923 878/1028/923
f 856/994/924 855/990/924 870/1027/924 871/1029/924
f 864/996/925 863/992/925 878/1028/925 879/1030/925
f 857/998/926 856/994/926 871/1029/926 872/1031/926
f 865/1000/927 864/996/927 879/1030/927 880/1018/927
f 858/1002/928 857/998/928 872/1031/928 873/1019/928
f 870/1027/929 869/1025/929 884/1032/929 885/1033/929
f 878/1028/930 877/1026/930 892/1034/930 893/1035/930
f 871/1029/931 870/1027/931 885/1033/931 886/1036/931
f 879/1030/932 878/1028/932 893/1035/932 894/1037/932
f 872/1031/933 871/1029/933 886/1036/933 887/1038/933
f 880/1018/934 879/1030/934 894/1037/934 895/1039/934
f 873/1019/935 872/1031/935 887/1038/935 888/1040/935
f 866/1016/936 564/1041/936 881/1042/936
f 790/1043/937 880/1018/937 895/1039/937
f 874/1020/938 873/1019/938 888/1040/938 889/1044/938
f 867/1021/939 866/1016/939 881/1042/939 882/1045/939
f 875/1022/940 874/1020/940 889/1044/940 890/1046/940
f 868/1023/941 867/1021/941 882/1045/941 883/1047/941
f 876/1024/942 875/1022/942 890/1046/942 891/1048/942
f 869/1025/943 868/1023/943 883/1047/943 884/1032/943
f 877/1026/944 876/1024/944 891/1048/944 892/1034/944
f 889/1044/945 888/1040/945 903/1049/945 904/1050/945
f 882/1045/946 881/1042/946 896/1051/946 897/1052/946
f 890/1046/947 889/1044/947 904/1050/947 905/1053/947
f 883/1047/948 882/1045/948 897/1052/948 898/1054/948
f 891/1048/949 890/1046/949 905/1053/949 906/1055/949
f 884/1032/950 883/1047/950 898/1054/950 899/1056/950
f 892/1034/951 891/1048/951 906/1055/951 907/1057/951
f 885/1033/952 884/1032/952 899/1056/952 900/1058/952
f 893/1035/953 892/1034/953 907/1057/953 908/1059/953
f 886/1036/954 885/1033/954 900/1058/954 901/1060/954
f 894/1037/955 893/1035/955 908/1059/955 909/1061/955
f 887/1038/956 886/1036/956 901/1060/956 902/1062/956
f 895/1039/957 894/1037/957 909/1061/957 910/1063/957
f 888/1040/958 887/1038/958 902/1062/958 903/1049/958
f 881/1042/959 564/1064/959 896/1051/959
f 790/1065/960 895/1039/960 910/1063/960
f 908/1059/961 907/1057/961 922/1066/961 923/1067/961
f 901/1060/962 900/1058/962 915/1068/962 916/1069/962
f 909/1061/963 908/1059/963 923/1067/963 924/1070/963
f 902/1062/964 901/1060/964 916/1069/964 917/1071/964
f 910/1063/965 909/1061/965 924/1070/965 925/1072/965
f 903/1049/966 902/1062/966 917/1071/966 918/1073/966
f 896/1051/967 564/1074/967 911/1075/967
f 790/1076/968 910/1063/968 925/1072/968
f 904/1050/969 903/1049/969 918/1073/969 919/1077/969
f 897/1052/970 896/1051/970 911/1075/970 912/1078/970
f 905/1053/971 904/1050/971 919/1077/971 920/1079/971
f 898/1054/972 897/1052/972 912/1078/972 913/1080/972
f 906/1055/973 905/1053/973 920/1079/973 921/1081/973
f 899/1056/974 898/1054/974 913/1080/974 914/1082/974
f 907/1057/975 906/1055/975 921/1081/975 922/1066/975
f 900/1058/976 899/1056/976 914/1082/976 915/1068/976
f 920/1079/977 919/1077/977 934/1083/977 935/1084/977
f 913/1080/978 912/1078/978 927/1085/978 928/1086/978
f 921/1081/979 920/1079/979 935/1084/979 936/1087/979
f 914/1082/980 913/1080/980 928/1086/980 929/1088/980
f 922/1066/981 921/1081/981 936/1087/981 937/1089/981
f 915/1068/982 914/1082/982 929/1088/982 930/1090/982
f 923/1067/983 922/1066/983 937/1089/983 938/1091/983
f 916/1069/984 915/1068/984 930/1090/984 931/1092/984
f 924/1070/985 923/1067/985 938/1091/985 939/1093/985
f 917/1071/986 916/1069/986 931/1092/986 932/1094/986
f 925/1072/987 924/1070/987 939/1093/987 940/1095/987
f 918/1073/988 917/1071/988 932/1094/988 933/1096/988
f 911/1075/989 564/1097/989 926/1098/989
f 790/1099/990 925/1072/990 940/1095/990
f 919/1077/991 918/1073/991 933/1096/991 934/1083/991
f 912/1078/992 911/1075/992 926/1098/992 927/1085/992
f 939/1093/993 938/1091/993 953/1100/993 954/1101/993
f 932/1094/994 931/1092/994 946/1102/994 947/1103/994
f 940/1095/995 939/1093/995 954/1101/995 955/1104/995
f 933/1096/996 932/1094/996 947/1103/996 948/1105/996
f 926/1098/997 564/1106/997 941/1107/997
f 790/1108/998 940/1095/998 955/1104/998
f 934/1083/999 933/1096/999 948/1105/999 949/1109/999
f 927/1085/1000 926/1098/1000 941/1107/1000 942/1110/1000
f 935/1084/1001 934/1083/1001 949/1109/1001 950/1111/1001
f 928/1086/1002 927/1085/1002 942/1110/1002 943/1112/1002
f 936/1087/1003 935/1084/1003 950/1111/1003 951/1113/1003
f 929/1088/1004 928/1086/1004 943/1112/1004 944/1114/1004
f 937/1089/1005 936/1087/1005 951/1113/1005 952/1115/1005
f 930/1090/1006 929/1088/1006 944/1114/1006 945/1116/1006
f 938/1091/1007 937/1089/1007 952/1115/1007 953/1100/1007
f 931/1092/1008 930/1090/1008 945/1116/1008 946/1102/1008
f 943/1112/1009 942/1110/1009 957/565/1009 483/564/1009
f 951/1113/1010 950/1111/1010 960/560/1010 488/568/1010
f 944/1114/1011 943/1112/1011 483/564/1011 958/570/1011
f 952/1115/1012 951/1113/1012 488/568/1012 961/572/1012
f 945/1116/1013 944/1114/1013 958/570/1013 484/574/1013
f 953/1100/1014 952/1115/1014 961/572/1014 962/576/1014
f 946/1102/1015 945/1116/1015 484/574/1015 959/578/1015
f 954/1101/1016 953/1100/1016 962/576/1016 963/580/1016
f 947/1103/1017 946/1102/1017 959/578/1017 485/582/1017
f 955/1104/1018 954/1101/1018 963/580/1018 964/584/1018
f 948/1105/1019 947/1103/1019 485/582/1019 486/586/1019
f 941/1107/1020 564/1117/1020 956/588/1020
f 790/1118/1021 955/1104/1021 964/584/1021
f 949/1109/1022 948/1105/1022 486/586/1022 487/561/1022
f 942/1110/1023 941/1107/1023 956/588/1023 957/565/1023
f 950/1111/1024 949/1109/1024 487/561/1024 960/560/1024
o 구체.002
v 0.077000 0.004157 -0.015778
v 0.077000 0.002778 -0.017157
v 0.077000 0.000975 -0.017904
v 0.077000 0.000000 -0.018000
v 0.077000 -0.000975 -0.017904
v 0.077000 -0.002778 -0.017157
v 0.077190 0.004904 -0.013957
v 0.077373 0.004619 -0.014877
v 0.077542 0.004157 -0.015724
v 0.077690 0.003536 -0.016468
v 0.077811 0.002778 -0.017077
v 0.077901 0.001913 -0.017531
v 0.077957 0.000975 -0.017810
v 0.077975 0.000000 -0.017904
v 0.077957 -0.000975 -0.017810
v 0.077901 -0.001913 -0.017531
v 0.077811 -0.002778 -0.017077
v 0.077690 -0.003536 -0.016468
v 0.077542 -0.004157 -0.015724
v 0.077373 -0.004619 -0.014877
v 0.077190 -0.004904 -0.013957
v 0.077373 0.004904 -0.013901
v 0.077732 0.004619 -0.014768
v 0.078063 0.004157 -0.015566
v 0.078353 0.003536 -0.016266
v 0.078591 0.002778 -0.016841
v 0.078768 0.001913 -0.017268
v 0.078877 0.000975 -0.017531
v 0.078913 0.000000 -0.017619
v 0.078877 -0.000975 -0.017531
v 0.078768 -0.001913 -0.017268
v 0.078591 -0.002778 -0.016841
v 0.078353 -0.003536 -0.016266
v 0.078063 -0.004157 -0.015566
v 0.077732 -0.004619 -0.014768
v 0.077373 -0.004904 -0.013901
v 0.077542 0.004904 -0.013811
v 0.078063 0.004619 -0.014591
v 0.078543 0.004157 -0.015310
v 0.078964 0.003536 -0.015940
v 0.079310 0.002778 -0.016457
v 0.079566 0.001913 -0.016841
v 0.079724 0.000975 -0.017077
v 0.079778 0.000000 -0.017157
v 0.079724 -0.000975 -0.017077
v 0.079566 -0.001913 -0.016841
v 0.079310 -0.002778 -0.016457
v 0.078964 -0.003536 -0.015940
v 0.078543 -0.004157 -0.015310
v 0.078063 -0.004619 -0.014591
v 0.077542 -0.004904 -0.013811
v 0.077690 0.004904 -0.013690
v 0.078353 0.004619 -0.014353
v 0.078964 0.004157 -0.014964
v 0.079500 0.003536 -0.015500
v 0.079940 0.002778 -0.015940
v 0.080266 0.001913 -0.016266
v 0.080468 0.000975 -0.016468
v 0.080536 0.000000 -0.016536
v 0.080468 -0.000975 -0.016468
v 0.080266 -0.001913 -0.016266
v 0.079940 -0.002778 -0.015940
v 0.079500 -0.003536 -0.015500
v 0.078964 -0.004157 -0.014964
v 0.078353 -0.004619 -0.014353
v 0.077690 -0.004904 -0.013690
v 0.077811 0.004904 -0.013542
v 0.078591 0.004619 -0.014063
v 0.079310 0.004157 -0.014543
v 0.079940 0.003536 -0.014964
v 0.080457 0.002778 -0.015310
v 0.080841 0.001913 -0.015566
v 0.081077 0.000975 -0.015724
v 0.081157 0.000000 -0.015778
v 0.081077 -0.000975 -0.015724
v 0.080841 -0.001913 -0.015566
v 0.080457 -0.002778 -0.015310
v 0.079940 -0.003536 -0.014964
v 0.079310 -0.004157 -0.014543
v 0.078591 -0.004619 -0.014063
v 0.077811 -0.004904 -0.013542
v 0.077000 0.005000 -0.013000
v 0.077901 0.004904 -0.013373
v 0.078768 0.004619 -0.013732
v 0.079566 0.004157 -0.014063
v 0.080266 0.003536 -0.014353
v 0.080841 0.002778 -0.014591
v 0.081268 0.001913 -0.014768
v 0.081531 0.000975 -0.014877
v 0.081619 0.000000 -0.014913
v 0.081531 -0.000975 -0.014877
v 0.081268 -0.001913 -0.014768
v 0.080841 -0.002778 -0.014591
v 0.080266 -0.003536 -0.014353
v 0.079566 -0.004157 -0.014063
v 0.078768 -0.004619 -0.013732
v 0.077901 -0.004904 -0.013373
v 0.077957 0.004904 -0.013190
v 0.078877 0.004619 -0.013373
v 0.079724 0.004157 -0.013542
v 0.080468 0.003536 -0.013690
v 0.081077 0.002778 -0.013811
v 0.081531 0.001913 -0.013901
v 0.081810 0.000975 -0.013957
v 0.081904 0.000000 -0.013975
v 0.081810 -0.000975 -0.013957
v 0.081531 -0.001913 -0.013901
v 0.081077 -0.002778 -0.013811
v 0.080468 -0.003536 -0.013690
v 0.079724 -0.004157 -0.013542
v 0.078877 -0.004619 -0.013373
v 0.077957 -0.004904 -0.013190
v 0.077975 0.004904 -0.013000
v 0.078913 0.004619 -0.013000
v 0.079778 0.004157 -0.013000
v 0.080536 0.003536 -0.013000
v 0.081157 0.002778 -0.013000
v 0.081619 0.001913 -0.013000
v 0.081904 0.000975 -0.013000
v 0.082000 0.000000 -0.013000
v 0.081904 -0.000975 -0.013000
v 0.081619 -0.001913 -0.013000
v 0.081157 -0.002778 -0.013000
v 0.080536 -0.003536 -0.013000
v 0.079778 -0.004157 -0.013000
v 0.078913 -0.004619 -0.013000
v 0.077975 -0.004904 -0.013000
v 0.077957 0.004904 -0.012810
v 0.078877 0.004619 -0.012627
v 0.079724 0.004157 -0.012458
v 0.080468 0.003536 -0.012310
v 0.081077 0.002778 -0.012189
v 0.081531 0.001913 -0.012099
v 0.081810 0.000975 -0.012043
v 0.081904 0.000000 -0.012025
v 0.081810 -0.000975 -0.012043
v 0.081531 -0.001913 -0.012099
v 0.081077 -0.002778 -0.012189
v 0.080468 -0.003536 -0.012310
v 0.079724 -0.004157 -0.012458
v 0.078877 -0.004619 -0.012627
v 0.077957 -0.004904 -0.012810
v 0.077901 0.004904 -0.012627
v 0.078768 0.004619 -0.012268
v 0.079566 0.004157 -0.011937
v 0.080266 0.003536 -0.011647
v 0.080841 0.002778 -0.011409
v 0.081268 0.001913 -0.011232
v 0.081531 0.000975 -0.011123
v 0.081619 0.000000 -0.011087
v 0.081531 -0.000975 -0.011123
v 0.081268 -0.001913 -0.011232
v 0.080841 -0.002778 -0.011409
v 0.080266 -0.003536 -0.011647
v 0.079566 -0.004157 -0.011937
v 0.078768 -0.004619 -0.012268
v 0.077901 -0.004904 -0.012627
v 0.077811 0.004904 -0.012458
v 0.078591 0.004619 -0.011937
v 0.079310 0.004157 -0.011457
v 0.079940 0.003536 -0.011036
v 0.080457 0.002778 -0.010690
v 0.080841 0.001913 -0.010434
v 0.081077 0.000975 -0.010276
v 0.081157 0.000000 -0.010222
v 0.081077 -0.000975 -0.010276
v 0.080841 -0.001913 -0.010434
v 0.080457 -0.002778 -0.010690
v 0.079940 -0.003536 -0.011036
v 0.079310 -0.004157 -0.011457
v 0.078591 -0.004619 -0.011937
v 0.077811 -0.004904 -0.012458
v 0.077690 0.004904 -0.012310
v 0.078353 0.004619 -0.011647
v 0.078964 0.004157 -0.011036
v 0.079500 0.003536 -0.010500
v 0.079940 0.002778 -0.010060
v 0.080266 0.001913 -0.009734
v 0.080468 0.000975 -0.009532
v 0.080536 0.000000 -0.009464
v 0.080468 -0.000975 -0.009532
v 0.080266 -0.001913 -0.009734
v 0.079940 -0.002778 -0.010060
v 0.079500 -0.003536 -0.010500
v 0.078964 -0.004157 -0.011036
v 0.078353 -0.004619 -0.011647
v 0.077690 -0.004904 -0.012310
v 0.077542 0.004904 -0.012189
v 0.078063 0.004619 -0.011409
v 0.078543 0.004157 -0.010690
v 0.078964 0.003536 -0.010060
v 0.079310 0.002778 -0.009543
v 0.079566 0.001913 -0.009159
v 0.079724 0.000975 -0.008923
v 0.079778 0.000000 -0.008843
v 0.079724 -0.000975 -0.008923
v 0.079566 -0.001913 -0.009159
v 0.079310 -0.002778 -0.009543
v 0.078964 -0.003536 -0.010060
v 0.078543 -0.004157 -0.010690
v 0.078063 -0.004619 -0.011409
v 0.077542 -0.004904 -0.012189
v 0.077373 0.004904 -0.012099
v 0.077732 0.004619 -0.011232
v 0.078063 0.004157 -0.010434
v 0.078353 0.003536 -0.009734
v 0.078591 0.002778 -0.009159
v 0.078768 0.001913 -0.008732
v 0.078877 0.000975 -0.008469
v 0.078913 0.000000 -0.008381
v 0.078877 -0.000975 -0.008469
v 0.078768 -0.001913 -0.008732
v 0.078591 -0.002778 -0.009159
v 0.078353 -0.003536 -0.009734
v 0.078063 -0.004157 -0.010434
v 0.077732 -0.004619 -0.011232
v 0.077373 -0.004904 -0.012099
v 0.077190 0.004904 -0.012043
v 0.077373 0.004619 -0.011123
v 0.077542 0.004157 -0.010276
v 0.077690 0.003536 -0.009532
v 0.077811 0.002778 -0.008923
v 0.077901 0.001913 -0.008469
v 0.077957 0.000975 -0.008190
v 0.077975 0.000000 -0.008096
v 0.077957 -0.000975 -0.008190
v 0.077901 -0.001913 -0.008469
v 0.077811 -0.002778 -0.008923
v 0.077690 -0.003536 -0.009532
v 0.077542 -0.004157 -0.010276
v 0.077373 -0.004619 -0.011123
v 0.077190 -0.004904 -0.012043
v 0.077000 0.004904 -0.012025
v 0.077000 0.004619 -0.011087
v 0.077000 0.004157 -0.010222
v 0.077000 0.003536 -0.009464
v 0.077000 0.002778 -0.008843
v 0.077000 0.001913 -0.008381
v 0.077000 0.000975 -0.008096
v 0.077000 0.000000 -0.008000
v 0.077000 -0.000975 -0.008096
v 0.077000 -0.001913 -0.008381
v 0.077000 -0.002778 -0.008843
v 0.077000 -0.003536 -0.009464
v 0.077000 -0.004157 -0.010222
v 0.077000 -0.004619 -0.011087
v 0.077000 -0.004904 -0.012025
v 0.076810 0.004904 -0.012043
v 0.076627 0.004619 -0.011123
v 0.076458 0.004157 -0.010276
v 0.076310 0.003536 -0.009532
v 0.076189 0.002778 -0.008923
v 0.076099 0.001913 -0.008469
v 0.076043 0.000975 -0.008190
v 0.076025 0.000000 -0.008096
v 0.076043 -0.000975 -0.008190
v 0.076099 -0.001913 -0.008469
v 0.076189 -0.002778 -0.008923
v 0.076310 -0.003536 -0.009532
v 0.076458 -0.004157 -0.010276
v 0.076627 -0.004619 -0.011123
v 0.076810 -0.004904 -0.012043
v 0.076627 0.004904 -0.012099
v 0.076268 0.004619 -0.011232
v 0.075937 0.004157 -0.010434
v 0.075647 0.003536 -0.009734
v 0.075409 0.002778 -0.009159
v 0.075232 0.001913 -0.008732
v 0.075123 0.000975 -0.008469
v 0.075087 0.000000 -0.008381
v 0.075123 -0.000975 -0.008469
v 0.075232 -0.001913 -0.008732
v 0.075409 -0.002778 -0.009159
v 0.075647 -0.003536 -0.009734
v 0.075937 -0.004157 -0.010434
v 0.076268 -0.004619 -0.011232
v 0.076627 -0.004904 -0.012099
v 0.076458 0.004904 -0.012189
v 0.075937 0.004619 -0.011409
v 0.075457 0.004157 -0.010690
v 0.075036 0.003536 -0.010060
v 0.074690 0.002778 -0.009543
v 0.074434 0.001913 -0.009159
v 0.074276 0.000975 -0.008923
v 0.074222 0.000000 -0.008843
v 0.074276 -0.000975 -0.008923
v 0.074434 -0.001913 -0.009159
v 0.074690 -0.002778 -0.009543
v 0.075036 -0.003536 -0.010060
v 0.075457 -0.004157 -0.010690
v 0.075937 -0.004619 -0.011409
v 0.076458 -0.004904 -0.012189
v 0.076310 0.004904 -0.012310
v 0.075647 0.004619 -0.011647
v 0.075036 0.004157 -0.011036
v 0.074500 0.003536 -0.010500
v 0.074060 0.002778 -0.010060
v 0.073734 0.001913 -0.009734
v 0.073532 0.000975 -0.009532
v 0.073464 0.000000 -0.009464
v 0.073532 -0.000975 -0.009532
v 0.073734 -0.001913 -0.009734
v 0.074060 -0.002778 -0.010060
v 0.074500 -0.003536 -0.010500
v 0.075036 -0.004157 -0.011036
v 0.075647 -0.004619 -0.011647
v 0.076310 -0.004904 -0.012310
v 0.077000 -0.005000 -0.013000
v 0.076189 0.004904 -0.012458
v 0.075409 0.004619 -0.011937
v 0.074690 0.004157 -0.011457
v 0.074060 0.003536 -0.011036
v 0.073543 0.002778 -0.010690
v 0.073159 0.001913 -0.010434
v 0.072923 0.000975 -0.010276
v 0.072843 0.000000 -0.010222
v 0.072923 -0.000975 -0.010276
v 0.073159 -0.001913 -0.010434
v 0.073543 -0.002778 -0.010690
v 0.074060 -0.003536 -0.011036
v 0.074690 -0.004157 -0.011457
v 0.075409 -0.004619 -0.011937
v 0.076189 -0.004904 -0.012458
v 0.076099 0.004904 -0.012627
v 0.075232 0.004619 -0.012268
v 0.074434 0.004157 -0.011937
v 0.073734 0.003536 -0.011647
v 0.073159 0.002778 -0.011409
v 0.072732 0.001913 -0.011232
v 0.072469 0.000975 -0.011123
v 0.072381 0.000000 -0.011087
v 0.072469 -0.000975 -0.011123
v 0.072732 -0.001913 -0.011232
v 0.073159 -0.002778 -0.011409
v 0.073734 -0.003536 -0.011647
v 0.074434 -0.004157 -0.011937
v 0.075232 -0.004619 -0.012268
v 0.076099 -0.004904 -0.012627
v 0.076043 0.004904 -0.012810
v 0.075123 0.004619 -0.012627
v 0.074276 0.004157 -0.012458
v 0.073532 0.003536 -0.012310
v 0.072923 0.002778 -0.012189
v 0.072469 0.001913 -0.012099
v 0.072190 0.000975 -0.012043
v 0.072096 0.000000 -0.012025
v 0.072190 -0.000975 -0.012043
v 0.072469 -0.001913 -0.012099
v 0.072923 -0.002778 -0.012189
v 0.073532 -0.003536 -0.012310
v 0.074276 -0.004157 -0.012458
v 0.075123 -0.004619 -0.012627
v 0.076043 -0.004904 -0.012810
v 0.076025 0.004904 -0.013000
v 0.075087 0.004619 -0.013000
v 0.074222 0.004157 -0.013000
v 0.073464 0.003536 -0.013000
v 0.072843 0.002778 -0.013000
v 0.072381 0.001913 -0.013000
v 0.072096 0.000975 -0.013000
v 0.072000 0.000000 -0.013000
v 0.072096 -0.000975 -0.013000
v 0.072381 -0.001913 -0.013000
v 0.072843 -0.002778 -0.013000
v 0.073464 -0.003536 -0.013000
v 0.074222 -0.004157 -0.013000
v 0.075087 -0.004619 -0.013000
v 0.076025 -0.004904 -0.013000
v 0.076043 0.004904 -0.013190
v 0.075123 0.004619 -0.013373
v 0.074276 0.004157 -0.013542
v 0.073532 0.003536 -0.013690
v 0.072923 0.002778 -0.013811
v 0.072469 0.001913 -0.013901
v 0.072190 0.000975 -0.013957
v 0.072096 0.000000 -0.013975
v 0.072190 -0.000975 -0.013957
v 0.072469 -0.001913 -0.013901
v 0.072923 -0.002778 -0.013811
v 0.073532 -0.003536 -0.013690
v 0.074276 -0.004157 -0.013542
v 0.075123 -0.004619 -0.013373
v 0.076043 -0.004904 -0.013190
v 0.076099 0.004904 -0.013373
v 0.075232 0.004619 -0.013732
v 0.074434 0.004157 -0.014063
v 0.073734 0.003536 -0.014353
v 0.073159 0.002778 -0.014591
v 0.072732 0.001913 -0.014768
v 0.072469 0.000975 -0.014877
v 0.072381 0.000000 -0.014913
v 0.072469 -0.000975 -0.014877
v 0.072732 -0.001913 -0.014768
v 0.073159 -0.002778 -0.014591
v 0.073734 -0.003536 -0.014353
v 0.074434 -0.004157 -0.014063
v 0.075232 -0.004619 -0.013732
v 0.076099 -0.004904 -0.013373
v 0.076189 0.004904 -0.013542
v 0.075409 0.004619 -0.014063
v 0.074690 0.004157 -0.014543
v 0.074060 0.003536 -0.014964
v 0.073543 0.002778 -0.015310
v 0.073159 0.001913 -0.015566
v 0.072923 0.000975 -0.015724
v 0.072843 0.000000 -0.015778
v 0.072923 -0.000975 -0.015724
v 0.073159 -0.001913 -0.015566
v 0.073543 -0.002778 -0.015310
v 0.074060 -0.003536 -0.014964
v 0.074690 -0.004157 -0.014543
v 0.075409 -0.004619 -0.014063
v 0.076189 -0.004904 -0.013542
v 0.076310 0.004904 -0.013690
v 0.075647 0.004619 -0.014353
v 0.075036 0.004157 -0.014964
v 0.074500 0.003536 -0.015500
v 0.074060 0.002778 -0.015940
v 0.073734 0.001913 -0.016266
v 0.073532 0.000975 -0.016468
v 0.073464 0.000000 -0.016536
v 0.073532 -0.000975 -0.016468
v 0.073734 -0.001913 -0.016266
v 0.074060 -0.002778 -0.015940
v 0.074500 -0.003536 -0.015500
v 0.075036 -0.004157 -0.014964
v 0.075647 -0.004619 -0.014353
v 0.076310 -0.004904 -0.013690
v 0.076458 0.004904 -0.013811
v 0.075937 0.004619 -0.014591
v 0.075457 0.004157 -0.015310
v 0.075036 0.003536 -0.015940
v 0.074690 0.002778 -0.016457
v 0.074434 0.001913 -0.016841
v 0.074276 0.000975 -0.017077
v 0.074222 0.000000 -0.017157
v 0.074276 -0.000975 -0.017077
v 0.074434 -0.001913 -0.016841
v 0.074690 -0.002778 -0.016457
v 0.075036 -0.003536 -0.015940
v 0.075457 -0.004157 -0.015310
v 0.075937 -0.004619 -0.014591
v 0.076458 -0.004904 -0.013811
v 0.076627 0.004904 -0.013901
v 0.076268 0.004619 -0.014768
v 0.075937 0.004157 -0.015566
v 0.075647 0.003536 -0.016266
v 0.075409 0.002778 -0.016841
v 0.075232 0.001913 -0.017268
v 0.075123 0.000975 -0.017531
v 0.075087 0.000000 -0.017619
v 0.075123 -0.000975 -0.017531
v 0.075232 -0.001913 -0.017268
v 0.075409 -0.002778 -0.016841
v 0.075647 -0.003536 -0.016266
v 0.075937 -0.004157 -0.015566
v 0.076268 -0.004619 -0.014768
v 0.076627 -0.004904 -0.013901
v 0.076810 0.004904 -0.013957
v 0.076627 0.004619 -0.014877
v 0.076458 0.004157 -0.015724
v 0.076310 0.003536 -0.016468
v 0.076189 0.002778 -0.017077
v 0.076099 0.001913 -0.017531
v 0.076043 0.000975 -0.017810
v 0.076025 0.000000 -0.017904
v 0.076043 -0.000975 -0.017810
v 0.076099 -0.001913 -0.017531
v 0.076189 -0.002778 -0.017077
v 0.076310 -0.003536 -0.016468
v 0.076458 -0.004157 -0.015724
v 0.076627 -0.004619 -0.014877
v 0.076810 -0.004904 -0.013957
v 0.077000 0.004904 -0.013975
v 0.077000 0.004619 -0.014913
v 0.077000 0.003536 -0.016536
v 0.077000 0.001913 -0.017619
v 0.077000 -0.001913 -0.017619
v 0.077000 -0.003536 -0.016536
v 0.077000 -0.004157 -0.015778
v 0.077000 -0.004619 -0.014913
v 0.077000 -0.004904 -0.013975
vn 0.0938 -0.2890 -0.9527
vn 0.0464 0.8810 -0.4709
vn 0.0865 -0.4696 -0.8786
vn 0.0624 0.7715 -0.6332
vn 0.0759 -0.6326 -0.7708
vn 0.0759 0.6326 -0.7708
vn 0.0624 -0.7715 -0.6332
vn 0.0865 0.4696 -0.8786
vn 0.0464 -0.8810 -0.4709
vn 0.0938 0.2890 -0.9527
vn 0.0286 -0.9565 -0.2902
vn 0.0975 0.0975 -0.9904
vn 0.0097 0.9951 -0.0980
vn 0.0097 -0.9951 -0.0980
vn 0.0975 -0.0975 -0.9904
vn 0.0286 0.9565 -0.2902
vn 0.0286 -0.9951 -0.0942
vn 0.2889 -0.0976 -0.9524
vn 0.0846 0.9565 -0.2790
vn 0.2779 -0.2890 -0.9161
vn 0.1374 0.8810 -0.4528
vn 0.2563 -0.4696 -0.8448
vn 0.1847 0.7715 -0.6088
vn 0.2248 -0.6326 -0.7412
vn 0.2248 0.6326 -0.7412
vn 0.1847 -0.7715 -0.6088
vn 0.2563 0.4696 -0.8448
vn 0.1374 -0.8810 -0.4528
vn 0.2779 0.2890 -0.9161
vn 0.0846 -0.9565 -0.2790
vn 0.2889 0.0976 -0.9524
vn 0.0286 0.9951 -0.0942
vn 0.2999 -0.7715 -0.5611
vn 0.4162 0.4696 -0.7786
vn 0.2230 -0.8810 -0.4173
vn 0.4513 0.2890 -0.8443
vn 0.1374 -0.9565 -0.2571
vn 0.4691 0.0975 -0.8777
vn 0.0464 0.9951 -0.0869
vn 0.0464 -0.9951 -0.0869
vn 0.4691 -0.0975 -0.8777
vn 0.1374 0.9565 -0.2571
vn 0.4513 -0.2890 -0.8443
vn 0.2230 0.8810 -0.4173
vn 0.4162 -0.4696 -0.7786
vn 0.2999 0.7715 -0.5611
vn 0.3651 -0.6326 -0.6831
vn 0.3651 0.6326 -0.6831
vn 0.1850 0.9565 -0.2254
vn 0.6073 -0.2890 -0.7400
vn 0.3002 0.8810 -0.3658
vn 0.5601 -0.4696 -0.6825
vn 0.4036 0.7715 -0.4918
vn 0.4913 -0.6326 -0.5987
vn 0.4913 0.6326 -0.5987
vn 0.4036 -0.7715 -0.4918
vn 0.5601 0.4696 -0.6825
vn 0.3002 -0.8810 -0.3658
vn 0.6073 0.2890 -0.7400
vn 0.1850 -0.9565 -0.2254
vn 0.6314 0.0975 -0.7693
vn 0.0625 0.9951 -0.0761
vn 0.0625 -0.9951 -0.0761
vn 0.6314 -0.0975 -0.7693
vn 0.6825 0.4696 -0.5601
vn 0.3658 -0.8810 -0.3002
vn 0.7400 0.2890 -0.6073
vn 0.2254 -0.9565 -0.1850
vn 0.7693 0.0975 -0.6314
vn 0.0761 0.9951 -0.0625
vn 0.0761 -0.9951 -0.0625
vn 0.7693 -0.0975 -0.6314
vn 0.2254 0.9565 -0.1850
vn 0.7400 -0.2890 -0.6073
vn 0.3658 0.8810 -0.3002
vn 0.6825 -0.4696 -0.5601
vn 0.4918 0.7715 -0.4036
vn 0.5987 -0.6326 -0.4913
vn 0.5987 0.6326 -0.4913
vn 0.4918 -0.7715 -0.4036
vn 0.8443 -0.2890 -0.4513
vn 0.4173 0.8810 -0.2230
vn 0.7786 -0.4696 -0.4162
vn 0.5611 0.7715 -0.2999
vn 0.6831 -0.6326 -0.3651
vn 0.6831 0.6326 -0.3651
vn 0.5611 -0.7715 -0.2999
vn 0.7786 0.4696 -0.4162
vn 0.4173 -0.8810 -0.2230
vn 0.8443 0.2890 -0.4513
vn 0.2571 -0.9565 -0.1374
vn 0.8777 0.0975 -0.4691
vn 0.0869 0.9951 -0.0464
vn 0.0869 -0.9951 -0.0464
vn 0.8777 -0.0975 -0.4691
vn 0.2571 0.9565 -0.1374
vn 0.4528 -0.8810 -0.1374
vn 0.9161 0.2890 -0.2779
vn 0.2790 -0.9565 -0.0846
vn 0.9524 0.0975 -0.2889
vn 0.0942 0.9951 -0.0286
vn 0.0942 -0.9951 -0.0286
vn 0.9524 -0.0975 -0.2889
vn 0.2790 0.9565 -0.0846
vn 0.9161 -0.2890 -0.2779
vn 0.4528 0.8810 -0.1374
vn 0.8448 -0.4696 -0.2563
vn 0.6088 0.7715 -0.1847
vn 0.7412 -0.6326 -0.2248
vn 0.7412 0.6326 -0.2248
vn 0.6088 -0.7715 -0.1847
vn 0.8448 0.4696 -0.2563
vn 0.4709 0.8810 -0.0464
vn 0.8786 -0.4696 -0.0865
vn 0.6332 0.7715 -0.0624
vn 0.7708 -0.6326 -0.0759
vn 0.7708 0.6326 -0.0759
vn 0.6332 -0.7715 -0.0624
vn 0.8786 0.4696 -0.0865
vn 0.4709 -0.8810 -0.0464
vn 0.9527 0.2890 -0.0938
vn 0.2902 -0.9565 -0.0286
vn 0.9904 0.0975 -0.0975
vn 0.0980 0.9951 -0.0097
vn 0.0980 -0.9951 -0.0097
vn 0.9904 -0.0975 -0.0975
vn 0.2902 0.9565 -0.0286
vn 0.9527 -0.2890 -0.0938
vn 0.9527 0.2890 0.0938
vn 0.2902 -0.9565 0.0286
vn 0.9904 0.0975 0.0976
vn 0.0980 0.9951 0.0097
vn 0.0980 -0.9951 0.0097
vn 0.9904 -0.0975 0.0976
vn 0.2902 0.9565 0.0286
vn 0.9527 -0.2890 0.0938
vn 0.4709 0.8810 0.0464
vn 0.8786 -0.4696 0.0865
vn 0.6332 0.7715 0.0624
vn 0.7708 -0.6326 0.0759
vn 0.7708 0.6326 0.0759
vn 0.6332 -0.7715 0.0624
vn 0.8786 0.4696 0.0865
vn 0.4709 -0.8810 0.0464
vn 0.8448 -0.4696 0.2563
vn 0.6088 0.7715 0.1847
vn 0.7412 -0.6326 0.2248
vn 0.7412 0.6326 0.2248
vn 0.6088 -0.7715 0.1847
vn 0.8448 0.4696 0.2563
vn 0.4528 -0.8810 0.1374
vn 0.9161 0.2890 0.2779
vn 0.2790 -0.9565 0.0846
vn 0.9524 0.0975 0.2889
vn 0.0942 0.9951 0.0286
vn 0.0942 -0.9951 0.0286
vn 0.9524 -0.0975 0.2889
vn 0.2790 0.9565 0.0846
vn 0.9161 -0.2890 0.2779
vn 0.4528 0.8810 0.1374
vn 0.2571 -0.9565 0.1374
vn 0.8777 0.0975 0.4691
vn 0.0869 0.9951 0.0464
vn 0.0869 -0.9951 0.0464
vn 0.8777 -0.0975 0.4691
vn 0.2571 0.9565 0.1374
vn 0.8443 -0.2890 0.4513
vn 0.4173 0.8810 0.2230
vn 0.7786 -0.4696 0.4162
vn 0.5611 0.7715 0.2999
vn 0.6831 -0.6326 0.3651
vn 0.6831 0.6326 0.3651
vn 0.5611 -0.7715 0.2999
vn 0.7786 0.4696 0.4162
vn 0.4173 -0.8810 0.2230
vn 0.8443 0.2890 0.4513
vn 0.5987 -0.6326 0.4913
vn 0.5987 0.6326 0.4913
vn 0.4918 -0.7715 0.4036
vn 0.6825 0.4696 0.5601
vn 0.3658 -0.8810 0.3002
vn 0.7400 0.2890 0.6073
vn 0.2254 -0.9565 0.1850
vn 0.7693 0.0975 0.6314
vn 0.0761 0.9951 0.0625
vn 0.0761 -0.9951 0.0625
vn 0.7693 -0.0975 0.6314
vn 0.2254 0.9565 0.1850
vn 0.7400 -0.2890 0.6073
vn 0.3658 0.8810 0.3002
vn 0.6825 -0.4696 0.5601
vn 0.4918 0.7715 0.4036
vn 0.0625 0.9951 0.0761
vn 0.0625 -0.9951 0.0761
vn 0.6314 -0.0975 0.7693
vn 0.1850 0.9565 0.2254
vn 0.6073 -0.2890 0.7400
vn 0.3002 0.8810 0.3658
vn 0.5601 -0.4696 0.6825
vn 0.4036 0.7715 0.4918
vn 0.4913 -0.6326 0.5987
vn 0.4913 0.6326 0.5987
vn 0.4036 -0.7715 0.4918
vn 0.5601 0.4696 0.6825
vn 0.3002 -0.8810 0.3658
vn 0.6073 0.2890 0.7400
vn 0.1850 -0.9565 0.2254
vn 0.6314 0.0975 0.7693
vn 0.3651 0.6326 0.6831
vn 0.2999 -0.7715 0.5611
vn 0.4162 0.4696 0.7786
vn 0.2230 -0.8810 0.4173
vn 0.4513 0.2890 0.8443
vn 0.1374 -0.9565 0.2571
vn 0.4691 0.0975 0.8777
vn 0.0464 0.9951 0.0869
vn 0.0464 -0.9951 0.0869
vn 0.4691 -0.0975 0.8777
vn 0.1374 0.9565 0.2571
vn 0.4513 -0.2890 0.8443
vn 0.2230 0.8810 0.4173
vn 0.4162 -0.4696 0.7786
vn 0.2999 0.7715 0.5611
vn 0.3651 -0.6326 0.6831
vn 0.2889 -0.0975 0.9524
vn 0.0846 0.9565 0.2790
vn 0.2779 -0.2890 0.9161
vn 0.1374 0.8810 0.4528
vn 0.2563 -0.4696 0.8448
vn 0.1847 0.7715 0.6088
vn 0.2248 -0.6326 0.7412
vn 0.2248 0.6326 0.7412
vn 0.1847 -0.7715 0.6088
vn 0.2563 0.4696 0.8448
vn 0.1374 -0.8810 0.4528
vn 0.2779 0.2890 0.9161
vn 0.0846 -0.9565 0.2790
vn 0.2889 0.0975 0.9524
vn 0.0286 0.9951 0.0942
vn 0.0286 -0.9951 0.0942
vn 0.0624 -0.7715 0.6332
vn 0.0865 0.4696 0.8786
vn 0.0464 -0.8810 0.4709
vn 0.0938 0.2890 0.9527
vn 0.0286 -0.9565 0.2902
vn 0.0975 0.0975 0.9904
vn 0.0097 0.9951 0.0980
vn 0.0097 -0.9951 0.0980
vn 0.0975 -0.0975 0.9904
vn 0.0286 0.9565 0.2902
vn 0.0938 -0.2890 0.9527
vn 0.0464 0.8810 0.4709
vn 0.0865 -0.4696 0.8786
vn 0.0624 0.7715 0.6332
vn 0.0759 -0.6326 0.7708
vn 0.0759 0.6326 0.7708
vn -0.0286 0.9565 0.2902
vn -0.0938 -0.2890 0.9527
vn -0.0464 0.8810 0.4709
vn -0.0865 -0.4696 0.8786
vn -0.0624 0.7715 0.6332
vn -0.0759 -0.6326 0.7708
vn -0.0759 0.6326 0.7708
vn -0.0624 -0.7715 0.6332
vn -0.0865 0.4696 0.8786
vn -0.0464 -0.8810 0.4709
vn -0.0938 0.2890 0.9527
vn -0.0286 -0.9565 0.2902
vn -0.0976 0.0975 0.9904
vn -0.0097 0.9951 0.0980
vn -0.0097 -0.9951 0.0980
vn -0.0976 -0.0975 0.9904
vn -0.2563 0.4696 0.8448
vn -0.1374 -0.8810 0.4528
vn -0.2779 0.2890 0.9161
vn -0.0846 -0.9565 0.2790
vn -0.2889 0.0975 0.9524
vn -0.0286 0.9951 0.0942
vn -0.0286 -0.9951 0.0942
vn -0.2889 -0.0975 0.9524
vn -0.0846 0.9565 0.2790
vn -0.2779 -0.2890 0.9161
vn -0.1374 0.8810 0.4528
vn -0.2563 -0.4696 0.8448
vn -0.1847 0.7715 0.6088
vn -0.2248 -0.6326 0.7412
vn -0.2248 0.6326 0.7412
vn -0.1847 -0.7715 0.6088
vn -0.4513 -0.2890 0.8443
vn -0.2230 0.8810 0.4173
vn -0.4162 -0.4696 0.7786
vn -0.2999 0.7715 0.5611
vn -0.3651 -0.6326 0.6831
vn -0.3651 0.6326 0.6831
vn -0.2999 -0.7715 0.5611
vn -0.4162 0.4696 0.7786
vn -0.2230 -0.8810 0.4173
vn -0.4513 0.2890 0.8443
vn -0.1374 -0.9565 0.2571
vn -0.4691 0.0975 0.8777
vn -0.0464 0.9951 0.0869
vn -0.0464 -0.9951 0.0869
vn -0.4691 -0.0975 0.8777
vn -0.1374 0.9565 0.2571
vn -0.3002 -0.8810 0.3658
vn -0.6073 0.2890 0.7400
vn -0.1850 -0.9565 0.2254
vn -0.6314 0.0975 0.7693
vn -0.0625 0.9951 0.0761
vn -0.0625 -0.9951 0.0761
vn -0.6314 -0.0975 0.7693
vn -0.1850 0.9565 0.2254
vn -0.6073 -0.2890 0.7400
vn -0.3002 0.8810 0.3658
vn -0.5601 -0.4696 0.6825
vn -0.4036 0.7715 0.4918
vn -0.4913 -0.6326 0.5987
vn -0.4913 0.6326 0.5987
vn -0.4036 -0.7715 0.4918
vn -0.5601 0.4696 0.6825
vn -0.6825 -0.4696 0.5601
vn -0.4918 0.7715 0.4036
vn -0.5987 -0.6326 0.4913
vn -0.5987 0.6326 0.4913
vn -0.4918 -0.7715 0.4036
vn -0.6825 0.4696 0.5601
vn -0.3658 -0.8810 0.3002
vn -0.7400 0.2890 0.6073
vn -0.2254 -0.9565 0.1850
vn -0.7693 0.0975 0.6314
vn -0.0761 0.9951 0.0625
vn -0.0761 -0.9951 0.0625
vn -0.7693 -0.0975 0.6314
vn -0.2254 0.9565 0.1850
vn -0.7400 -0.2890 0.6073
vn -0.3658 0.8810 0.3002
vn -0.2571 -0.9565 0.1374
vn -0.8777 0.0975 0.4691
vn -0.0869 0.9951 0.0464
vn -0.0869 -0.9951 0.0464
vn -0.8777 -0.0975 0.4691
vn -0.2571 0.9565 0.1374
vn -0.8443 -0.2890 0.4513
vn -0.4173 0.8810 0.2230
vn -0.7786 -0.4696 0.4162
vn -0.5611 0.7715 0.2999
vn -0.6831 -0.6326 0.3651
vn -0.6831 0.6326 0.3651
vn -0.5611 -0.7715 0.2999
vn -0.7786 0.4696 0.4162
vn -0.4173 -0.8810 0.2230
vn -0.8443 0.2890 0.4513
vn -0.6088 0.7715 0.1847
vn -0.7412 -0.6326 0.2248
vn -0.7412 0.6326 0.2248
vn -0.6088 -0.7715 0.1847
vn -0.8448 0.4696 0.2563
vn -0.4528 -0.8810 0.1374
vn -0.9161 0.2890 0.2779
vn -0.2790 -0.9565 0.0846
vn -0.9524 0.0975 0.2889
vn -0.0942 0.9951 0.0286
vn -0.0942 -0.9951 0.0286
vn -0.9524 -0.0975 0.2889
vn -0.2790 0.9565 0.0846
vn -0.9161 -0.2890 0.2779
vn -0.4528 0.8810 0.1374
vn -0.8448 -0.4696 0.2563
vn -0.9904 0.0975 0.0975
vn -0.0980 0.9951 0.0097
vn -0.0980 -0.9951 0.0097
vn -0.9904 -0.0975 0.0975
vn -0.2902 0.9565 0.0286
vn -0.9527 -0.2890 0.0938
vn -0.4709 0.8810 0.0464
vn -0.8786 -0.4696 0.0865
vn -0.6332 0.7715 0.0624
vn -0.7708 -0.6326 0.0759
vn -0.7708 0.6326 0.0759
vn -0.6332 -0.7715 0.0624
vn -0.8786 0.4696 0.0865
vn -0.4709 -0.8810 0.0464
vn -0.9527 0.2890 0.0938
vn -0.2902 -0.9565 0.0286
vn -0.7708 -0.6326 -0.0759
vn -0.7708 0.6326 -0.0759
vn -0.6332 -0.7715 -0.0624
vn -0.8786 0.4696 -0.0865
vn -0.4709 -0.8810 -0.0464
vn -0.9527 0.2890 -0.0938
vn -0.2902 -0.9565 -0.0286
vn -0.9904 0.0975 -0.0976
vn -0.0980 0.9951 -0.0097
vn -0.0980 -0.9951 -0.0097
vn -0.9904 -0.0975 -0.0976
vn -0.2902 0.9565 -0.0286
vn -0.9527 -0.2890 -0.0938
vn -0.4709 0.8810 -0.0464
vn -0.8786 -0.4696 -0.0865
vn -0.6332 0.7715 -0.0624
vn -0.0942 0.9951 -0.0286
vn -0.0942 -0.9951 -0.0286
vn -0.9524 -0.0975 -0.2889
vn -0.2790 0.9565 -0.0846
vn -0.9161 -0.2890 -0.2779
vn -0.4528 0.8810 -0.1374
vn -0.8448 -0.4696 -0.2563
vn -0.6088 0.7715 -0.1847
vn -0.7412 -0.6326 -0.2248
vn -0.7412 0.6326 -0.2248
vn -0.6088 -0.7715 -0.1847
vn -0.8448 0.4696 -0.2563
vn -0.4528 -0.8810 -0.1374
vn -0.9161 0.2890 -0.2779
vn -0.2790 -0.9565 -0.0846
vn -0.9524 0.0975 -0.2889
vn -0.6831 0.6326 -0.3651
vn -0.5611 -0.7715 -0.2999
vn -0.7786 0.4696 -0.4162
vn -0.4173 -0.8810 -0.2231
vn -0.8443 0.2890 -0.4513
vn -0.2571 -0.9565 -0.1374
vn -0.8777 0.0975 -0.4691
vn -0.0869 0.9951 -0.0464
vn -0.0869 -0.9951 -0.0464
vn -0.8777 -0.0975 -0.4691
vn -0.2571 0.9565 -0.1374
vn -0.8443 -0.2890 -0.4513
vn -0.4173 0.8810 -0.2231
vn -0.7786 -0.4696 -0.4162
vn -0.5611 0.7715 -0.2999
vn -0.6831 -0.6326 -0.3651
vn -0.7693 -0.0975 -0.6314
vn -0.2254 0.9565 -0.1850
vn -0.7400 -0.2890 -0.6073
vn -0.3658 0.8810 -0.3002
vn -0.6825 -0.4696 -0.5601
vn -0.4918 0.7715 -0.4036
vn -0.5987 -0.6326 -0.4913
vn -0.5987 0.6326 -0.4913
vn -0.4918 -0.7715 -0.4036
vn -0.6825 0.4696 -0.5601
vn -0.3658 -0.8810 -0.3002
vn -0.7400 0.2890 -0.6073
vn -0.2254 -0.9565 -0.1850
vn -0.7693 0.0975 -0.6314
vn -0.0761 0.9951 -0.0625
vn -0.0761 -0.9951 -0.0625
vn -0.4036 -0.7715 -0.4918
vn -0.5601 0.4696 -0.6825
vn -0.3002 -0.8810 -0.3658
vn -0.6073 0.2890 -0.7400
vn -0.1850 -0.9565 -0.2254
vn -0.6314 0.0975 -0.7693
vn -0.0625 0.9951 -0.0761
vn -0.0625 -0.9951 -0.0761
vn -0.6314 -0.0975 -0.7693
vn -0.1850 0.9565 -0.2254
vn -0.6073 -0.2890 -0.7400
vn -0.3002 0.8810 -0.3658
vn -0.5601 -0.4696 -0.6825
vn -0.4036 0.7715 -0.4918
vn -0.4913 -0.6326 -0.5987
vn -0.4913 0.6326 -0.5987
vn -0.4513 -0.2890 -0.8443
vn -0.2230 0.8810 -0.4173
vn -0.4162 -0.4696 -0.7786
vn -0.2999 0.7715 -0.5611
vn -0.3651 -0.6326 -0.6831
vn -0.3651 0.6326 -0.6831
vn -0.2999 -0.7715 -0.5611
vn -0.4162 0.4696 -0.7786
vn -0.2230 -0.8810 -0.4173
vn -0.4513 0.2890 -0.8443
vn -0.1374 -0.9565 -0.2571
vn -0.4691 0.0975 -0.8777
vn -0.0464 0.9951 -0.0869
vn -0.0464 -0.9951 -0.0869
vn -0.4691 -0.0975 -0.8777
vn -0.1374 0.9565 -0.2571
vn -0.1374 -0.8810 -0.4528
vn -0.2779 0.2890 -0.9161
vn -0.0846 -0.9565 -0.2790
vn -0.2889 0.0975 -0.9524
vn -0.0286 0.9951 -0.0942
vn -0.0286 -0.9951 -0.0942
vn -0.2889 -0.0975 -0.9524
vn -0.0846 0.9565 -0.2790
vn -0.2779 -0.2890 -0.9161
vn -0.1374 0.8810 -0.4528
vn -0.2563 -0.4696 -0.8448
vn -0.1847 0.7715 -0.6088
vn -0.2248 -0.6326 -0.7412
vn -0.2248 0.6326 -0.7412
vn -0.1847 -0.7715 -0.6088
vn -0.2563 0.4696 -0.8448
vn -0.0464 0.8810 -0.4709
vn -0.0865 -0.4696 -0.8786
vn -0.0624 0.7715 -0.6332
vn -0.0759 -0.6326 -0.7708
vn -0.0759 0.6326 -0.7708
vn -0.0624 -0.7715 -0.6332
vn -0.0865 0.4696 -0.8786
vn -0.0464 -0.8810 -0.4709
vn -0.0938 0.2890 -0.9527
vn -0.0286 -0.9565 -0.2902
vn -0.0976 0.0975 -0.9904
vn -0.0097 0.9951 -0.0980
vn -0.0097 -0.9951 -0.0980
vn -0.0976 -0.0975 -0.9904
vn -0.0286 0.9565 -0.2902
vn -0.0938 -0.2890 -0.9527
vt 0.750000 0.375000
vt 0.750000 0.437500
vt 0.718750 0.437500
vt 0.718750 0.375000
vt 0.750000 0.812500
vt 0.750000 0.875000
vt 0.718750 0.875000
vt 0.718750 0.812500
vt 0.750000 0.312500
vt 0.718750 0.312500
vt 0.750000 0.750000
vt 0.718750 0.750000
vt 0.750000 0.250000
vt 0.718750 0.250000
vt 0.750000 0.687500
vt 0.718750 0.687500
vt 0.750000 0.187500
vt 0.718750 0.187500
vt 0.750000 0.625000
vt 0.718750 0.625000
vt 0.750000 0.125000
vt 0.718750 0.125000
vt 0.750000 0.562500
vt 0.718750 0.562500
vt 0.750000 0.062500
vt 0.718750 0.062500
vt 0.750000 0.500000
vt 0.718750 0.500000
vt 0.750000 0.937500
vt 0.734375 1.000000
vt 0.718750 0.937500
vt 0.734375 0.000000
vt 0.703125 0.000000
vt 0.687500 0.062500
vt 0.687500 0.500000
vt 0.687500 0.437500
vt 0.687500 0.937500
vt 0.687500 0.875000
vt 0.687500 0.375000
vt 0.687500 0.812500
vt 0.687500 0.312500
vt 0.687500 0.750000
vt 0.687500 0.250000
vt 0.687500 0.687500
vt 0.687500 0.187500
vt 0.687500 0.625000
vt 0.687500 0.125000
vt 0.687500 0.562500
vt 0.703125 1.000000
vt 0.656250 0.250000
vt 0.656250 0.187500
vt 0.656250 0.687500
vt 0.656250 0.625000
vt 0.656250 0.125000
vt 0.656250 0.562500
vt 0.656250 0.062500
vt 0.656250 0.500000
vt 0.671875 1.000000
vt 0.656250 0.937500
vt 0.671875 0.000000
vt 0.656250 0.437500
vt 0.656250 0.875000
vt 0.656250 0.375000
vt 0.656250 0.812500
vt 0.656250 0.312500
vt 0.656250 0.750000
vt 0.625000 0.937500
vt 0.625000 0.875000
vt 0.625000 0.437500
vt 0.625000 0.375000
vt 0.625000 0.812500
vt 0.625000 0.312500
vt 0.625000 0.750000
vt 0.625000 0.250000
vt 0.625000 0.687500
vt 0.625000 0.187500
vt 0.625000 0.625000
vt 0.625000 0.125000
vt 0.625000 0.562500
vt 0.625000 0.062500
vt 0.625000 0.500000
vt 0.640625 1.000000
vt 0.640625 0.000000
vt 0.593750 0.687500
vt 0.593750 0.625000
vt 0.593750 0.187500
vt 0.593750 0.125000
vt 0.593750 0.562500
vt 0.593750 0.062500
vt 0.593750 0.500000
vt 0.609375 1.000000
vt 0.593750 0.937500
vt 0.609375 0.000000
vt 0.593750 0.437500
vt 0.593750 0.875000
vt 0.593750 0.375000
vt 0.593750 0.812500
vt 0.593750 0.312500
vt 0.593750 0.750000
vt 0.593750 0.250000
vt 0.562500 0.437500
vt 0.562500 0.375000
vt 0.562500 0.875000
vt 0.562500 0.812500
vt 0.562500 0.312500
vt 0.562500 0.750000
vt 0.562500 0.250000
vt 0.562500 0.687500
vt 0.562500 0.187500
vt 0.562500 0.625000
vt 0.562500 0.125000
vt 0.562500 0.562500
vt 0.562500 0.062500
vt 0.562500 0.500000
vt 0.578125 1.000000
vt 0.562500 0.937500
vt 0.578125 0.000000
vt 0.531250 0.187500
vt 0.531250 0.125000
vt 0.531250 0.625000
vt 0.531250 0.562500
vt 0.531250 0.062500
vt 0.531250 0.500000
vt 0.546875 1.000000
vt 0.531250 0.937500
vt 0.546875 0.000000
vt 0.531250 0.437500
vt 0.531250 0.875000
vt 0.531250 0.375000
vt 0.531250 0.812500
vt 0.531250 0.312500
vt 0.531250 0.750000
vt 0.531250 0.250000
vt 0.531250 0.687500
vt 0.500000 0.875000
vt 0.500000 0.812500
vt 0.500000 0.375000
vt 0.500000 0.312500
vt 0.500000 0.750000
vt 0.500000 0.250000
vt 0.500000 0.687500
vt 0.500000 0.187500
vt 0.500000 0.625000
vt 0.500000 0.125000
vt 0.500000 0.562500
vt 0.500000 0.062500
vt 0.500000 0.500000
vt 0.515625 1.000000
vt 0.500000 0.937500
vt 0.515625 0.000000
vt 0.500000 0.437500
vt 0.468750 0.625000
vt 0.468750 0.562500
vt 0.468750 0.125000
vt 0.468750 0.062500
vt 0.468750 0.500000
vt 0.484375 1.000000
vt 0.468750 0.937500
vt 0.484375 0.000000
vt 0.468750 0.437500
vt 0.468750 0.875000
vt 0.468750 0.375000
vt 0.468750 0.812500
vt 0.468750 0.312500
vt 0.468750 0.750000
vt 0.468750 0.250000
vt 0.468750 0.687500
vt 0.468750 0.187500
vt 0.437500 0.375000
vt 0.437500 0.312500
vt 0.437500 0.812500
vt 0.437500 0.750000
vt 0.437500 0.250000
vt 0.437500 0.687500
vt 0.437500 0.187500
vt 0.437500 0.625000
vt 0.437500 0.125000
vt 0.437500 0.562500
vt 0.437500 0.062500
vt 0.437500 0.500000
vt 0.453125 1.000000
vt 0.437500 0.937500
vt 0.453125 0.000000
vt 0.437500 0.437500
vt 0.437500 0.875000
vt 0.406250 0.125000
vt 0.406250 0.062500
vt 0.406250 0.562500
vt 0.406250 0.500000
vt 0.421875 1.000000
vt 0.406250 0.937500
vt 0.421875 0.000000
vt 0.406250 0.437500
vt 0.406250 0.875000
vt 0.406250 0.375000
vt 0.406250 0.812500
vt 0.406250 0.312500
vt 0.406250 0.750000
vt 0.406250 0.250000
vt 0.406250 0.687500
vt 0.406250 0.187500
vt 0.406250 0.625000
vt 0.375000 0.312500
vt 0.375000 0.250000
vt 0.375000 0.750000
vt 0.375000 0.687500
vt 0.375000 0.187500
vt 0.375000 0.625000
vt 0.375000 0.125000
vt 0.375000 0.562500
vt 0.375000 0.062500
vt 0.375000 0.500000
vt 0.390625 1.000000
vt 0.375000 0.937500
vt 0.390625 0.000000
vt 0.375000 0.437500
vt 0.375000 0.875000
vt 0.375000 0.375000
vt 0.375000 0.812500
vt 0.359375 1.000000
vt 0.343750 0.937500
vt 0.359375 0.000000
vt 0.343750 0.062500
vt 0.343750 0.500000
vt 0.343750 0.437500
vt 0.343750 0.875000
vt 0.343750 0.375000
vt 0.343750 0.812500
vt 0.343750 0.312500
vt 0.343750 0.750000
vt 0.343750 0.250000
vt 0.343750 0.687500
vt 0.343750 0.187500
vt 0.343750 0.625000
vt 0.343750 0.125000
vt 0.343750 0.562500
vt 0.312500 0.750000
vt 0.312500 0.687500
vt 0.312500 0.250000
vt 0.312500 0.187500
vt 0.312500 0.625000
vt 0.312500 0.125000
vt 0.312500 0.562500
vt 0.312500 0.062500
vt 0.312500 0.500000
vt 0.328125 1.000000
vt 0.312500 0.937500
vt 0.328125 0.000000
vt 0.312500 0.437500
vt 0.312500 0.875000
vt 0.312500 0.375000
vt 0.312500 0.812500
vt 0.312500 0.312500
vt 0.281250 0.500000
vt 0.281250 0.437500
vt 0.281250 0.937500
vt 0.281250 0.875000
vt 0.281250 0.375000
vt 0.281250 0.812500
vt 0.281250 0.312500
vt 0.281250 0.750000
vt 0.281250 0.250000
vt 0.281250 0.687500
vt 0.281250 0.187500
vt 0.281250 0.625000
vt 0.281250 0.125000
vt 0.281250 0.562500
vt 0.281250 0.062500
vt 0.296875 1.000000
vt 0.296875 0.000000
vt 0.250000 0.250000
vt 0.250000 0.187500
vt 0.250000 0.687500
vt 0.250000 0.625000
vt 0.250000 0.125000
vt 0.250000 0.562500
vt 0.250000 0.062500
vt 0.250000 0.500000
vt 0.265625 1.000000
vt 0.250000 0.937500
vt 0.265625 0.000000
vt 0.250000 0.437500
vt 0.250000 0.875000
vt 0.250000 0.375000
vt 0.250000 0.812500
vt 0.250000 0.312500
vt 0.250000 0.750000
vt 0.218750 0.937500
vt 0.218750 0.875000
vt 0.218750 0.437500
vt 0.218750 0.375000
vt 0.218750 0.812500
vt 0.218750 0.312500
vt 0.218750 0.750000
vt 0.218750 0.250000
vt 0.218750 0.687500
vt 0.218750 0.187500
vt 0.218750 0.625000
vt 0.218750 0.125000
vt 0.218750 0.562500
vt 0.218750 0.062500
vt 0.218750 0.500000
vt 0.234375 1.000000
vt 0.234375 0.000000
vt 0.187500 0.687500
vt 0.187500 0.625000
vt 0.187500 0.187500
vt 0.187500 0.125000
vt 0.187500 0.562500
vt 0.187500 0.062500
vt 0.187500 0.500000
vt 0.203125 1.000000
vt 0.187500 0.937500
vt 0.203125 0.000000
vt 0.187500 0.437500
vt 0.187500 0.875000
vt 0.187500 0.375000
vt 0.187500 0.812500
vt 0.187500 0.312500
vt 0.187500 0.750000
vt 0.187500 0.250000
vt 0.156250 0.437500
vt 0.156250 0.375000
vt 0.156250 0.875000
vt 0.156250 0.812500
vt 0.156250 0.312500
vt 0.156250 0.750000
vt 0.156250 0.250000
vt 0.156250 0.687500
vt 0.156250 0.187500
vt 0.156250 0.625000
vt 0.156250 0.125000
vt 0.156250 0.562500
vt 0.156250 0.062500
vt 0.156250 0.500000
vt 0.171875 1.000000
vt 0.156250 0.937500
vt 0.171875 0.000000
vt 0.125000 0.187500
vt 0.125000 0.125000
vt 0.125000 0.625000
vt 0.125000 0.562500
vt 0.125000 0.062500
vt 0.125000 0.500000
vt 0.140625 1.000000
vt 0.125000 0.937500
vt 0.140625 0.000000
vt 0.125000 0.437500
vt 0.125000 0.875000
vt 0.125000 0.375000
vt 0.125000 0.812500
vt 0.125000 0.312500
vt 0.125000 0.750000
vt 0.125000 0.250000
vt 0.125000 0.687500
vt 0.093750 0.375000
vt 0.093750 0.312500
vt 0.093750 0.812500
vt 0.093750 0.750000
vt 0.093750 0.250000
vt 0.093750 0.687500
vt 0.093750 0.187500
vt 0.093750 0.625000
vt 0.093750 0.125000
vt 0.093750 0.562500
vt 0.093750 0.062500
vt 0.093750 0.500000
vt 0.109375 1.000000
vt 0.093750 0.937500
vt 0.109375 0.000000
vt 0.093750 0.437500
vt 0.093750 0.875000
vt 0.062500 0.125000
vt 0.062500 0.062500
vt 0.062500 0.562500
vt 0.062500 0.500000
vt 0.078125 1.000000
vt 0.062500 0.937500
vt 0.078125 0.000000
vt 0.062500 0.437500
vt 0.062500 0.875000
vt 0.062500 0.375000
vt 0.062500 0.812500
vt 0.062500 0.312500
vt 0.062500 0.750000
vt 0.062500 0.250000
vt 0.062500 0.687500
vt 0.062500 0.187500
vt 0.062500 0.625000
vt 0.031250 0.812500
vt 0.031250 0.750000
vt 0.031250 0.312500
vt 0.031250 0.250000
vt 0.031250 0.687500
vt 0.031250 0.187500
vt 0.031250 0.625000
vt 0.031250 0.125000
vt 0.031250 0.562500
vt 0.031250 0.062500
vt 0.031250 0.500000
vt 0.046875 1.000000
vt 0.031250 0.937500
vt 0.046875 0.000000
vt 0.031250 0.437500
vt 0.031250 0.875000
vt 0.031250 0.375000
vt 0.000000 0.562500
vt 0.000000 0.500000
vt 0.015625 1.000000
vt 0.000000 0.937500
vt 0.015625 0.000000
vt 0.000000 0.062500
vt 0.000000 0.437500
vt 0.000000 0.875000
vt 0.000000 0.375000
vt 0.000000 0.812500
vt 0.000000 0.312500
vt 0.000000 0.750000
vt 0.000000 0.250000
vt 0.000000 0.687500
vt 0.000000 0.187500
vt 0.000000 0.625000
vt 0.000000 0.125000
vt 1.000000 0.250000
vt 1.000000 0.312500
vt 0.968750 0.312500
vt 0.968750 0.250000
vt 1.000000 0.687500
vt 1.000000 0.750000
vt 0.968750 0.750000
vt 0.968750 0.687500
vt 1.000000 0.187500
vt 0.968750 0.187500
vt 1.000000 0.625000
vt 0.968750 0.625000
vt 1.000000 0.125000
vt 0.968750 0.125000
vt 1.000000 0.562500
vt 0.968750 0.562500
vt 1.000000 0.062500
vt 0.968750 0.062500
vt 1.000000 0.500000
vt 0.968750 0.500000
vt 1.000000 0.937500
vt 0.984375 1.000000
vt 0.968750 0.937500
vt 0.984375 0.000000
vt 1.000000 0.437500
vt 0.968750 0.437500
vt 1.000000 0.875000
vt 0.968750 0.875000
vt 1.000000 0.375000
vt 0.968750 0.375000
vt 1.000000 0.812500
vt 0.968750 0.812500
vt 0.953125 1.000000
vt 0.937500 0.937500
vt 0.953125 0.000000
vt 0.937500 0.062500
vt 0.937500 0.500000
vt 0.937500 0.437500
vt 0.937500 0.875000
vt 0.937500 0.375000
vt 0.937500 0.812500
vt 0.937500 0.312500
vt 0.937500 0.750000
vt 0.937500 0.250000
vt 0.937500 0.687500
vt 0.937500 0.187500
vt 0.937500 0.625000
vt 0.937500 0.125000
vt 0.937500 0.562500
vt 0.906250 0.750000
vt 0.906250 0.687500
vt 0.906250 0.250000
vt 0.906250 0.187500
vt 0.906250 0.625000
vt 0.906250 0.125000
vt 0.906250 0.562500
vt 0.906250 0.062500
vt 0.906250 0.500000
vt 0.921875 1.000000
vt 0.906250 0.937500
vt 0.921875 0.000000
vt 0.906250 0.437500
vt 0.906250 0.875000
vt 0.906250 0.375000
vt 0.906250 0.812500
vt 0.906250 0.312500
vt 0.875000 0.500000
vt 0.875000 0.437500
vt 0.875000 0.937500
vt 0.875000 0.875000
vt 0.875000 0.375000
vt 0.875000 0.812500
vt 0.875000 0.312500
vt 0.875000 0.750000
vt 0.875000 0.250000
vt 0.875000 0.687500
vt 0.875000 0.187500
vt 0.875000 0.625000
vt 0.875000 0.125000
vt 0.875000 0.562500
vt 0.875000 0.062500
vt 0.890625 1.000000
vt 0.890625 0.000000
vt 0.843750 0.250000
vt 0.843750 0.187500
vt 0.843750 0.687500
vt 0.843750 0.625000
vt 0.843750 0.125000
vt 0.843750 0.562500
vt 0.843750 0.062500
vt 0.843750 0.500000
vt 0.859375 1.000000
vt 0.843750 0.937500
vt 0.859375 0.000000
vt 0.843750 0.437500
vt 0.843750 0.875000
vt 0.843750 0.375000
vt 0.843750 0.812500
vt 0.843750 0.312500
vt 0.843750 0.750000
vt 0.812500 0.437500
vt 0.812500 0.375000
vt 0.812500 0.875000
vt 0.812500 0.812500
vt 0.812500 0.312500
vt 0.812500 0.750000
vt 0.812500 0.250000
vt 0.812500 0.687500
vt 0.812500 0.187500
vt 0.812500 0.625000
vt 0.812500 0.125000
vt 0.812500 0.562500
vt 0.812500 0.062500
vt 0.812500 0.500000
vt 0.828125 1.000000
vt 0.812500 0.937500
vt 0.828125 0.000000
vt 0.781250 0.187500
vt 0.781250 0.125000
vt 0.781250 0.625000
vt 0.781250 0.562500
vt 0.781250 0.062500
vt 0.781250 0.500000
vt 0.796875 1.000000
vt 0.781250 0.937500
vt 0.796875 0.000000
vt 0.781250 0.437500
vt 0.781250 0.875000
vt 0.781250 0.375000
vt 0.781250 0.812500
vt 0.781250 0.312500
vt 0.781250 0.750000
vt 0.781250 0.250000
vt 0.781250 0.687500
vt 0.765625 1.000000
vt 0.765625 0.000000
s 0
f 1442/1119/1025 969/1120/1025 979/1121/1025 980/1122/1025
f 965/1123/1026 1439/1124/1026 972/1125/1026 973/1126/1026
f 970/1127/1027 1442/1119/1027 980/1122/1027 981/1128/1027
f 1440/1129/1028 965/1123/1028 973/1126/1028 974/1130/1028
f 1443/1131/1029 970/1127/1029 981/1128/1029 982/1132/1029
f 966/1133/1030 1440/1129/1030 974/1130/1030 975/1134/1030
f 1444/1135/1031 1443/1131/1031 982/1132/1031 983/1136/1031
f 1441/1137/1032 966/1133/1032 975/1134/1032 976/1138/1032
f 1445/1139/1033 1444/1135/1033 983/1136/1033 984/1140/1033
f 967/1141/1034 1441/1137/1034 976/1138/1034 977/1142/1034
f 1446/1143/1035 1445/1139/1035 984/1140/1035 985/1144/1035
f 968/1145/1036 967/1141/1036 977/1142/1036 978/1146/1036
f 1438/1147/1037 1046/1148/1037 971/1149/1037
f 1272/1150/1038 1446/1143/1038 985/1144/1038
f 969/1120/1039 968/1145/1039 978/1146/1039 979/1121/1039
f 1439/1124/1040 1438/1147/1040 971/1149/1040 972/1125/1040
f 1272/1151/1041 985/1144/1041 1000/1152/1041
f 979/1121/1042 978/1146/1042 993/1153/1042 994/1154/1042
f 972/1125/1043 971/1149/1043 986/1155/1043 987/1156/1043
f 980/1122/1044 979/1121/1044 994/1154/1044 995/1157/1044
f 973/1126/1045 972/1125/1045 987/1156/1045 988/1158/1045
f 981/1128/1046 980/1122/1046 995/1157/1046 996/1159/1046
f 974/1130/1047 973/1126/1047 988/1158/1047 989/1160/1047
f 982/1132/1048 981/1128/1048 996/1159/1048 997/1161/1048
f 975/1134/1049 974/1130/1049 989/1160/1049 990/1162/1049
f 983/1136/1050 982/1132/1050 997/1161/1050 998/1163/1050
f 976/1138/1051 975/1134/1051 990/1162/1051 991/1164/1051
f 984/1140/1052 983/1136/1052 998/1163/1052 999/1165/1052
f 977/1142/1053 976/1138/1053 991/1164/1053 992/1166/1053
f 985/1144/1054 984/1140/1054 999/1165/1054 1000/1152/1054
f 978/1146/1055 977/1142/1055 992/1166/1055 993/1153/1055
f 971/1149/1056 1046/1167/1056 986/1155/1056
f 998/1163/1057 997/1161/1057 1012/1168/1057 1013/1169/1057
f 991/1164/1058 990/1162/1058 1005/1170/1058 1006/1171/1058
f 999/1165/1059 998/1163/1059 1013/1169/1059 1014/1172/1059
f 992/1166/1060 991/1164/1060 1006/1171/1060 1007/1173/1060
f 1000/1152/1061 999/1165/1061 1014/1172/1061 1015/1174/1061
f 993/1153/1062 992/1166/1062 1007/1173/1062 1008/1175/1062
f 986/1155/1063 1046/1176/1063 1001/1177/1063
f 1272/1178/1064 1000/1152/1064 1015/1174/1064
f 994/1154/1065 993/1153/1065 1008/1175/1065 1009/1179/1065
f 987/1156/1066 986/1155/1066 1001/1177/1066 1002/1180/1066
f 995/1157/1067 994/1154/1067 1009/1179/1067 1010/1181/1067
f 988/1158/1068 987/1156/1068 1002/1180/1068 1003/1182/1068
f 996/1159/1069 995/1157/1069 1010/1181/1069 1011/1183/1069
f 989/1160/1070 988/1158/1070 1003/1182/1070 1004/1184/1070
f 997/1161/1071 996/1159/1071 1011/1183/1071 1012/1168/1071
f 990/1162/1072 989/1160/1072 1004/1184/1072 1005/1170/1072
f 1002/1180/1073 1001/1177/1073 1016/1185/1073 1017/1186/1073
f 1010/1181/1074 1009/1179/1074 1024/1187/1074 1025/1188/1074
f 1003/1182/1075 1002/1180/1075 1017/1186/1075 1018/1189/1075
f 1011/1183/1076 1010/1181/1076 1025/1188/1076 1026/1190/1076
f 1004/1184/1077 1003/1182/1077 1018/1189/1077 1019/1191/1077
f 1012/1168/1078 1011/1183/1078 1026/1190/1078 1027/1192/1078
f 1005/1170/1079 1004/1184/1079 1019/1191/1079 1020/1193/1079
f 1013/1169/1080 1012/1168/1080 1027/1192/1080 1028/1194/1080
f 1006/1171/1081 1005/1170/1081 1020/1193/1081 1021/1195/1081
f 1014/1172/1082 1013/1169/1082 1028/1194/1082 1029/1196/1082
f 1007/1173/1083 1006/1171/1083 1021/1195/1083 1022/1197/1083
f 1015/1174/1084 1014/1172/1084 1029/1196/1084 1030/1198/1084
f 1008/1175/1085 1007/1173/1085 1022/1197/1085 1023/1199/1085
f 1001/1177/1086 1046/1200/1086 1016/1185/1086
f 1272/1201/1087 1015/1174/1087 1030/1198/1087
f 1009/1179/1088 1008/1175/1088 1023/1199/1088 1024/1187/1088
f 1021/1195/1089 1020/1193/1089 1035/1202/1089 1036/1203/1089
f 1029/1196/1090 1028/1194/1090 1043/1204/1090 1044/1205/1090
f 1022/1197/1091 1021/1195/1091 1036/1203/1091 1037/1206/1091
f 1030/1198/1092 1029/1196/1092 1044/1205/1092 1045/1207/1092
f 1023/1199/1093 1022/1197/1093 1037/1206/1093 1038/1208/1093
f 1016/1185/1094 1046/1209/1094 1031/1210/1094
f 1272/1211/1095 1030/1198/1095 1045/1207/1095
f 1024/1187/1096 1023/1199/1096 1038/1208/1096 1039/1212/1096
f 1017/1186/1097 1016/1185/1097 1031/1210/1097 1032/1213/1097
f 1025/1188/1098 1024/1187/1098 1039/1212/1098 1040/1214/1098
f 1018/1189/1099 1017/1186/1099 1032/1213/1099 1033/1215/1099
f 1026/1190/1100 1025/1188/1100 1040/1214/1100 1041/1216/1100
f 1019/1191/1101 1018/1189/1101 1033/1215/1101 1034/1217/1101
f 1027/1192/1102 1026/1190/1102 1041/1216/1102 1042/1218/1102
f 1020/1193/1103 1019/1191/1103 1034/1217/1103 1035/1202/1103
f 1028/1194/1104 1027/1192/1104 1042/1218/1104 1043/1204/1104
f 1040/1214/1105 1039/1212/1105 1055/1219/1105 1056/1220/1105
f 1033/1215/1106 1032/1213/1106 1048/1221/1106 1049/1222/1106
f 1041/1216/1107 1040/1214/1107 1056/1220/1107 1057/1223/1107
f 1034/1217/1108 1033/1215/1108 1049/1222/1108 1050/1224/1108
f 1042/1218/1109 1041/1216/1109 1057/1223/1109 1058/1225/1109
f 1035/1202/1110 1034/1217/1110 1050/1224/1110 1051/1226/1110
f 1043/1204/1111 1042/1218/1111 1058/1225/1111 1059/1227/1111
f 1036/1203/1112 1035/1202/1112 1051/1226/1112 1052/1228/1112
f 1044/1205/1113 1043/1204/1113 1059/1227/1113 1060/1229/1113
f 1037/1206/1114 1036/1203/1114 1052/1228/1114 1053/1230/1114
f 1045/1207/1115 1044/1205/1115 1060/1229/1115 1061/1231/1115
f 1038/1208/1116 1037/1206/1116 1053/1230/1116 1054/1232/1116
f 1031/1210/1117 1046/1233/1117 1047/1234/1117
f 1272/1235/1118 1045/1207/1118 1061/1231/1118
f 1039/1212/1119 1038/1208/1119 1054/1232/1119 1055/1219/1119
f 1032/1213/1120 1031/1210/1120 1047/1234/1120 1048/1221/1120
f 1060/1229/1121 1059/1227/1121 1074/1236/1121 1075/1237/1121
f 1053/1230/1122 1052/1228/1122 1067/1238/1122 1068/1239/1122
f 1061/1231/1123 1060/1229/1123 1075/1237/1123 1076/1240/1123
f 1054/1232/1124 1053/1230/1124 1068/1239/1124 1069/1241/1124
f 1047/1234/1125 1046/1242/1125 1062/1243/1125
f 1272/1244/1126 1061/1231/1126 1076/1240/1126
f 1055/1219/1127 1054/1232/1127 1069/1241/1127 1070/1245/1127
f 1048/1221/1128 1047/1234/1128 1062/1243/1128 1063/1246/1128
f 1056/1220/1129 1055/1219/1129 1070/1245/1129 1071/1247/1129
f 1049/1222/1130 1048/1221/1130 1063/1246/1130 1064/1248/1130
f 1057/1223/1131 1056/1220/1131 1071/1247/1131 1072/1249/1131
f 1050/1224/1132 1049/1222/1132 1064/1248/1132 1065/1250/1132
f 1058/1225/1133 1057/1223/1133 1072/1249/1133 1073/1251/1133
f 1051/1226/1134 1050/1224/1134 1065/1250/1134 1066/1252/1134
f 1059/1227/1135 1058/1225/1135 1073/1251/1135 1074/1236/1135
f 1052/1228/1136 1051/1226/1136 1066/1252/1136 1067/1238/1136
f 1064/1248/1137 1063/1246/1137 1078/1253/1137 1079/1254/1137
f 1072/1249/1138 1071/1247/1138 1086/1255/1138 1087/1256/1138
f 1065/1250/1139 1064/1248/1139 1079/1254/1139 1080/1257/1139
f 1073/1251/1140 1072/1249/1140 1087/1256/1140 1088/1258/1140
f 1066/1252/1141 1065/1250/1141 1080/1257/1141 1081/1259/1141
f 1074/1236/1142 1073/1251/1142 1088/1258/1142 1089/1260/1142
f 1067/1238/1143 1066/1252/1143 1081/1259/1143 1082/1261/1143
f 1075/1237/1144 1074/1236/1144 1089/1260/1144 1090/1262/1144
f 1068/1239/1145 1067/1238/1145 1082/1261/1145 1083/1263/1145
f 1076/1240/1146 1075/1237/1146 1090/1262/1146 1091/1264/1146
f 1069/1241/1147 1068/1239/1147 1083/1263/1147 1084/1265/1147
f 1062/1243/1148 1046/1266/1148 1077/1267/1148
f 1272/1268/1149 1076/1240/1149 1091/1264/1149
f 1070/1245/1150 1069/1241/1150 1084/1265/1150 1085/1269/1150
f 1063/1246/1151 1062/1243/1151 1077/1267/1151 1078/1253/1151
f 1071/1247/1152 1070/1245/1152 1085/1269/1152 1086/1255/1152
f 1083/1263/1153 1082/1261/1153 1097/1270/1153 1098/1271/1153
f 1091/1264/1154 1090/1262/1154 1105/1272/1154 1106/1273/1154
f 1084/1265/1155 1083/1263/1155 1098/1271/1155 1099/1274/1155
f 1077/1267/1156 1046/1275/1156 1092/1276/1156
f 1272/1277/1157 1091/1264/1157 1106/1273/1157
f 1085/1269/1158 1084/1265/1158 1099/1274/1158 1100/1278/1158
f 1078/1253/1159 1077/1267/1159 1092/1276/1159 1093/1279/1159
f 1086/1255/1160 1085/1269/1160 1100/1278/1160 1101/1280/1160
f 1079/1254/1161 1078/1253/1161 1093/1279/1161 1094/1281/1161
f 1087/1256/1162 1086/1255/1162 1101/1280/1162 1102/1282/1162
f 1080/1257/1163 1079/1254/1163 1094/1281/1163 1095/1283/1163
f 1088/1258/1164 1087/1256/1164 1102/1282/1164 1103/1284/1164
f 1081/1259/1165 1080/1257/1165 1095/1283/1165 1096/1285/1165
f 1089/1260/1166 1088/1258/1166 1103/1284/1166 1104/1286/1166
f 1082/1261/1167 1081/1259/1167 1096/1285/1167 1097/1270/1167
f 1090/1262/1168 1089/1260/1168 1104/1286/1168 1105/1272/1168
f 1102/1282/1169 1101/1280/1169 1116/1287/1169 1117/1288/1169
f 1095/1283/1170 1094/1281/1170 1109/1289/1170 1110/1290/1170
f 1103/1284/1171 1102/1282/1171 1117/1288/1171 1118/1291/1171
f 1096/1285/1172 1095/1283/1172 1110/1290/1172 1111/1292/1172
f 1104/1286/1173 1103/1284/1173 1118/1291/1173 1119/1293/1173
f 1097/1270/1174 1096/1285/1174 1111/1292/1174 1112/1294/1174
f 1105/1272/1175 1104/1286/1175 1119/1293/1175 1120/1295/1175
f 1098/1271/1176 1097/1270/1176 1112/1294/1176 1113/1296/1176
f 1106/1273/1177 1105/1272/1177 1120/1295/1177 1121/1297/1177
f 1099/1274/1178 1098/1271/1178 1113/1296/1178 1114/1298/1178
f 1092/1276/1179 1046/1299/1179 1107/1300/1179
f 1272/1301/1180 1106/1273/1180 1121/1297/1180
f 1100/1278/1181 1099/1274/1181 1114/1298/1181 1115/1302/1181
f 1093/1279/1182 1092/1276/1182 1107/1300/1182 1108/1303/1182
f 1101/1280/1183 1100/1278/1183 1115/1302/1183 1116/1287/1183
f 1094/1281/1184 1093/1279/1184 1108/1303/1184 1109/1289/1184
f 1121/1297/1185 1120/1295/1185 1135/1304/1185 1136/1305/1185
f 1114/1298/1186 1113/1296/1186 1128/1306/1186 1129/1307/1186
f 1107/1300/1187 1046/1308/1187 1122/1309/1187
f 1272/1310/1188 1121/1297/1188 1136/1305/1188
f 1115/1302/1189 1114/1298/1189 1129/1307/1189 1130/1311/1189
f 1108/1303/1190 1107/1300/1190 1122/1309/1190 1123/1312/1190
f 1116/1287/1191 1115/1302/1191 1130/1311/1191 1131/1313/1191
f 1109/1289/1192 1108/1303/1192 1123/1312/1192 1124/1314/1192
f 1117/1288/1193 1116/1287/1193 1131/1313/1193 1132/1315/1193
f 1110/1290/1194 1109/1289/1194 1124/1314/1194 1125/1316/1194
f 1118/1291/1195 1117/1288/1195 1132/1315/1195 1133/1317/1195
f 1111/1292/1196 1110/1290/1196 1125/1316/1196 1126/1318/1196
f 1119/1293/1197 1118/1291/1197 1133/1317/1197 1134/1319/1197
f 1112/1294/1198 1111/1292/1198 1126/1318/1198 1127/1320/1198
f 1120/1295/1199 1119/1293/1199 1134/1319/1199 1135/1304/1199
f 1113/1296/1200 1112/1294/1200 1127/1320/1200 1128/1306/1200
f 1133/1317/1201 1132/1315/1201 1147/1321/1201 1148/1322/1201
f 1126/1318/1202 1125/1316/1202 1140/1323/1202 1141/1324/1202
f 1134/1319/1203 1133/1317/1203 1148/1322/1203 1149/1325/1203
f 1127/1320/1204 1126/1318/1204 1141/1324/1204 1142/1326/1204
f 1135/1304/1205 1134/1319/1205 1149/1325/1205 1150/1327/1205
f 1128/1306/1206 1127/1320/1206 1142/1326/1206 1143/1328/1206
f 1136/1305/1207 1135/1304/1207 1150/1327/1207 1151/1329/1207
f 1129/1307/1208 1128/1306/1208 1143/1328/1208 1144/1330/1208
f 1122/1309/1209 1046/1331/1209 1137/1332/1209
f 1272/1333/1210 1136/1305/1210 1151/1329/1210
f 1130/1311/1211 1129/1307/1211 1144/1330/1211 1145/1334/1211
f 1123/1312/1212 1122/1309/1212 1137/1332/1212 1138/1335/1212
f 1131/1313/1213 1130/1311/1213 1145/1334/1213 1146/1336/1213
f 1124/1314/1214 1123/1312/1214 1138/1335/1214 1139/1337/1214
f 1132/1315/1215 1131/1313/1215 1146/1336/1215 1147/1321/1215
f 1125/1316/1216 1124/1314/1216 1139/1337/1216 1140/1323/1216
f 1137/1332/1217 1046/1338/1217 1152/1339/1217
f 1272/1340/1218 1151/1329/1218 1166/1341/1218
f 1145/1334/1219 1144/1330/1219 1159/1342/1219 1160/1343/1219
f 1138/1335/1220 1137/1332/1220 1152/1339/1220 1153/1344/1220
f 1146/1336/1221 1145/1334/1221 1160/1343/1221 1161/1345/1221
f 1139/1337/1222 1138/1335/1222 1153/1344/1222 1154/1346/1222
f 1147/1321/1223 1146/1336/1223 1161/1345/1223 1162/1347/1223
f 1140/1323/1224 1139/1337/1224 1154/1346/1224 1155/1348/1224
f 1148/1322/1225 1147/1321/1225 1162/1347/1225 1163/1349/1225
f 1141/1324/1226 1140/1323/1226 1155/1348/1226 1156/1350/1226
f 1149/1325/1227 1148/1322/1227 1163/1349/1227 1164/1351/1227
f 1142/1326/1228 1141/1324/1228 1156/1350/1228 1157/1352/1228
f 1150/1327/1229 1149/1325/1229 1164/1351/1229 1165/1353/1229
f 1143/1328/1230 1142/1326/1230 1157/1352/1230 1158/1354/1230
f 1151/1329/1231 1150/1327/1231 1165/1353/1231 1166/1341/1231
f 1144/1330/1232 1143/1328/1232 1158/1354/1232 1159/1342/1232
f 1156/1350/1233 1155/1348/1233 1170/1355/1233 1171/1356/1233
f 1164/1351/1234 1163/1349/1234 1178/1357/1234 1179/1358/1234
f 1157/1352/1235 1156/1350/1235 1171/1356/1235 1172/1359/1235
f 1165/1353/1236 1164/1351/1236 1179/1358/1236 1180/1360/1236
f 1158/1354/1237 1157/1352/1237 1172/1359/1237 1173/1361/1237
f 1166/1341/1238 1165/1353/1238 1180/1360/1238 1181/1362/1238
f 1159/1342/1239 1158/1354/1239 1173/1361/1239 1174/1363/1239
f 1152/1339/1240 1046/1364/1240 1167/1365/1240
f 1272/1366/1241 1166/1341/1241 1181/1362/1241
f 1160/1343/1242 1159/1342/1242 1174/1363/1242 1175/1367/1242
f 1153/1344/1243 1152/1339/1243 1167/1365/1243 1168/1368/1243
f 1161/1345/1244 1160/1343/1244 1175/1367/1244 1176/1369/1244
f 1154/1346/1245 1153/1344/1245 1168/1368/1245 1169/1370/1245
f 1162/1347/1246 1161/1345/1246 1176/1369/1246 1177/1371/1246
f 1155/1348/1247 1154/1346/1247 1169/1370/1247 1170/1355/1247
f 1163/1349/1248 1162/1347/1248 1177/1371/1248 1178/1357/1248
f 1175/1367/1249 1174/1363/1249 1189/1372/1249 1190/1373/1249
f 1168/1368/1250 1167/1365/1250 1182/1374/1250 1183/1375/1250
f 1176/1369/1251 1175/1367/1251 1190/1373/1251 1191/1376/1251
f 1169/1370/1252 1168/1368/1252 1183/1375/1252 1184/1377/1252
f 1177/1371/1253 1176/1369/1253 1191/1376/1253 1192/1378/1253
f 1170/1355/1254 1169/1370/1254 1184/1377/1254 1185/1379/1254
f 1178/1357/1255 1177/1371/1255 1192/1378/1255 1193/1380/1255
f 1171/1356/1256 1170/1355/1256 1185/1379/1256 1186/1381/1256
f 1179/1358/1257 1178/1357/1257 1193/1380/1257 1194/1382/1257
f 1172/1359/1258 1171/1356/1258 1186/1381/1258 1187/1383/1258
f 1180/1360/1259 1179/1358/1259 1194/1382/1259 1195/1384/1259
f 1173/1361/1260 1172/1359/1260 1187/1383/1260 1188/1385/1260
f 1181/1362/1261 1180/1360/1261 1195/1384/1261 1196/1386/1261
f 1174/1363/1262 1173/1361/1262 1188/1385/1262 1189/1372/1262
f 1167/1365/1263 1046/1387/1263 1182/1374/1263
f 1272/1388/1264 1181/1362/1264 1196/1386/1264
f 1194/1382/1265 1193/1380/1265 1208/1389/1265 1209/1390/1265
f 1187/1383/1266 1186/1381/1266 1201/1391/1266 1202/1392/1266
f 1195/1384/1267 1194/1382/1267 1209/1390/1267 1210/1393/1267
f 1188/1385/1268 1187/1383/1268 1202/1392/1268 1203/1394/1268
f 1196/1386/1269 1195/1384/1269 1210/1393/1269 1211/1395/1269
f 1189/1372/1270 1188/1385/1270 1203/1394/1270 1204/1396/1270
f 1182/1374/1271 1046/1397/1271 1197/1398/1271
f 1272/1399/1272 1196/1386/1272 1211/1395/1272
f 1190/1373/1273 1189/1372/1273 1204/1396/1273 1205/1400/1273
f 1183/1375/1274 1182/1374/1274 1197/1398/1274 1198/1401/1274
f 1191/1376/1275 1190/1373/1275 1205/1400/1275 1206/1402/1275
f 1184/1377/1276 1183/1375/1276 1198/1401/1276 1199/1403/1276
f 1192/1378/1277 1191/1376/1277 1206/1402/1277 1207/1404/1277
f 1185/1379/1278 1184/1377/1278 1199/1403/1278 1200/1405/1278
f 1193/1380/1279 1192/1378/1279 1207/1404/1279 1208/1389/1279
f 1186/1381/1280 1185/1379/1280 1200/1405/1280 1201/1391/1280
f 1198/1401/1281 1197/1398/1281 1212/1406/1281 1213/1407/1281
f 1206/1402/1282 1205/1400/1282 1220/1408/1282 1221/1409/1282
f 1199/1403/1283 1198/1401/1283 1213/1407/1283 1214/1410/1283
f 1207/1404/1284 1206/1402/1284 1221/1409/1284 1222/1411/1284
f 1200/1405/1285 1199/1403/1285 1214/1410/1285 1215/1412/1285
f 1208/1389/1286 1207/1404/1286 1222/1411/1286 1223/1413/1286
f 1201/1391/1287 1200/1405/1287 1215/1412/1287 1216/1414/1287
f 1209/1390/1288 1208/1389/1288 1223/1413/1288 1224/1415/1288
f 1202/1392/1289 1201/1391/1289 1216/1414/1289 1217/1416/1289
f 1210/1393/1290 1209/1390/1290 1224/1415/1290 1225/1417/1290
f 1203/1394/1291 1202/1392/1291 1217/1416/1291 1218/1418/1291
f 1211/1395/1292 1210/1393/1292 1225/1417/1292 1226/1419/1292
f 1204/1396/1293 1203/1394/1293 1218/1418/1293 1219/1420/1293
f 1197/1398/1294 1046/1421/1294 1212/1406/1294
f 1272/1422/1295 1211/1395/1295 1226/1419/1295
f 1205/1400/1296 1204/1396/1296 1219/1420/1296 1220/1408/1296
f 1217/1416/1297 1216/1414/1297 1231/1423/1297 1232/1424/1297
f 1225/1417/1298 1224/1415/1298 1239/1425/1298 1240/1426/1298
f 1218/1418/1299 1217/1416/1299 1232/1424/1299 1233/1427/1299
f 1226/1419/1300 1225/1417/1300 1240/1426/1300 1241/1428/1300
f 1219/1420/1301 1218/1418/1301 1233/1427/1301 1234/1429/1301
f 1212/1406/1302 1046/1430/1302 1227/1431/1302
f 1272/1432/1303 1226/1419/1303 1241/1428/1303
f 1220/1408/1304 1219/1420/1304 1234/1429/1304 1235/1433/1304
f 1213/1407/1305 1212/1406/1305 1227/1431/1305 1228/1434/1305
f 1221/1409/1306 1220/1408/1306 1235/1433/1306 1236/1435/1306
f 1214/1410/1307 1213/1407/1307 1228/1434/1307 1229/1436/1307
f 1222/1411/1308 1221/1409/1308 1236/1435/1308 1237/1437/1308
f 1215/1412/1309 1214/1410/1309 1229/1436/1309 1230/1438/1309
f 1223/1413/1310 1222/1411/1310 1237/1437/1310 1238/1439/1310
f 1216/1414/1311 1215/1412/1311 1230/1438/1311 1231/1423/1311
f 1224/1415/1312 1223/1413/1312 1238/1439/1312 1239/1425/1312
f 1236/1435/1313 1235/1433/1313 1250/1440/1313 1251/1441/1313
f 1229/1436/1314 1228/1434/1314 1243/1442/1314 1244/1443/1314
f 1237/1437/1315 1236/1435/1315 1251/1441/1315 1252/1444/1315
f 1230/1438/1316 1229/1436/1316 1244/1443/1316 1245/1445/1316
f 1238/1439/1317 1237/1437/1317 1252/1444/1317 1253/1446/1317
f 1231/1423/1318 1230/1438/1318 1245/1445/1318 1246/1447/1318
f 1239/1425/1319 1238/1439/1319 1253/1446/1319 1254/1448/1319
f 1232/1424/1320 1231/1423/1320 1246/1447/1320 1247/1449/1320
f 1240/1426/1321 1239/1425/1321 1254/1448/1321 1255/1450/1321
f 1233/1427/1322 1232/1424/1322 1247/1449/1322 1248/1451/1322
f 1241/1428/1323 1240/1426/1323 1255/1450/1323 1256/1452/1323
f 1234/1429/1324 1233/1427/1324 1248/1451/1324 1249/1453/1324
f 1227/1431/1325 1046/1454/1325 1242/1455/1325
f 1272/1456/1326 1241/1428/1326 1256/1452/1326
f 1235/1433/1327 1234/1429/1327 1249/1453/1327 1250/1440/1327
f 1228/1434/1328 1227/1431/1328 1242/1455/1328 1243/1442/1328
f 1255/1450/1329 1254/1448/1329 1269/1457/1329 1270/1458/1329
f 1248/1451/1330 1247/1449/1330 1262/1459/1330 1263/1460/1330
f 1256/1452/1331 1255/1450/1331 1270/1458/1331 1271/1461/1331
f 1249/1453/1332 1248/1451/1332 1263/1460/1332 1264/1462/1332
f 1242/1455/1333 1046/1463/1333 1257/1464/1333
f 1272/1465/1334 1256/1452/1334 1271/1461/1334
f 1250/1440/1335 1249/1453/1335 1264/1462/1335 1265/1466/1335
f 1243/1442/1336 1242/1455/1336 1257/1464/1336 1258/1467/1336
f 1251/1441/1337 1250/1440/1337 1265/1466/1337 1266/1468/1337
f 1244/1443/1338 1243/1442/1338 1258/1467/1338 1259/1469/1338
f 1252/1444/1339 1251/1441/1339 1266/1468/1339 1267/1470/1339
f 1245/1445/1340 1244/1443/1340 1259/1469/1340 1260/1471/1340
f 1253/1446/1341 1252/1444/1341 1267/1470/1341 1268/1472/1341
f 1246/1447/1342 1245/1445/1342 1260/1471/1342 1261/1473/1342
f 1254/1448/1343 1253/1446/1343 1268/1472/1343 1269/1457/1343
f 1247/1449/1344 1246/1447/1344 1261/1473/1344 1262/1459/1344
f 1267/1470/1345 1266/1468/1345 1282/1474/1345 1283/1475/1345
f 1260/1471/1346 1259/1469/1346 1275/1476/1346 1276/1477/1346
f 1268/1472/1347 1267/1470/1347 1283/1475/1347 1284/1478/1347
f 1261/1473/1348 1260/1471/1348 1276/1477/1348 1277/1479/1348
f 1269/1457/1349 1268/1472/1349 1284/1478/1349 1285/1480/1349
f 1262/1459/1350 1261/1473/1350 1277/1479/1350 1278/1481/1350
f 1270/1458/1351 1269/1457/1351 1285/1480/1351 1286/1482/1351
f 1263/1460/1352 1262/1459/1352 1278/1481/1352 1279/1483/1352
f 1271/1461/1353 1270/1458/1353 1286/1482/1353 1287/1484/1353
f 1264/1462/1354 1263/1460/1354 1279/1483/1354 1280/1485/1354
f 1257/1464/1355 1046/1486/1355 1273/1487/1355
f 1272/1488/1356 1271/1461/1356 1287/1484/1356
f 1265/1466/1357 1264/1462/1357 1280/1485/1357 1281/1489/1357
f 1258/1467/1358 1257/1464/1358 1273/1487/1358 1274/1490/1358
f 1266/1468/1359 1265/1466/1359 1281/1489/1359 1282/1474/1359
f 1259/1469/1360 1258/1467/1360 1274/1490/1360 1275/1476/1360
f 1287/1484/1361 1286/1482/1361 1301/1491/1361 1302/1492/1361
f 1280/1485/1362 1279/1483/1362 1294/1493/1362 1295/1494/1362
f 1273/1487/1363 1046/1495/1363 1288/1496/1363
f 1272/1497/1364 1287/1484/1364 1302/1492/1364
f 1281/1489/1365 1280/1485/1365 1295/1494/1365 1296/1498/1365
f 1274/1490/1366 1273/1487/1366 1288/1496/1366 1289/1499/1366
f 1282/1474/1367 1281/1489/1367 1296/1498/1367 1297/1500/1367
f 1275/1476/1368 1274/1490/1368 1289/1499/1368 1290/1501/1368
f 1283/1475/1369 1282/1474/1369 1297/1500/1369 1298/1502/1369
f 1276/1477/1370 1275/1476/1370 1290/1501/1370 1291/1503/1370
f 1284/1478/1371 1283/1475/1371 1298/1502/1371 1299/1504/1371
f 1277/1479/1372 1276/1477/1372 1291/1503/1372 1292/1505/1372
f 1285/1480/1373 1284/1478/1373 1299/1504/1373 1300/1506/1373
f 1278/1481/1374 1277/1479/1374 1292/1505/1374 1293/1507/1374
f 1286/1482/1375 1285/1480/1375 1300/1506/1375 1301/1491/1375
f 1279/1483/1376 1278/1481/1376 1293/1507/1376 1294/1493/1376
f 1291/1503/1377 1290/1501/1377 1305/1508/1377 1306/1509/1377
f 1299/1504/1378 1298/1502/1378 1313/1510/1378 1314/1511/1378
f 1292/1505/1379 1291/1503/1379 1306/1509/1379 1307/1512/1379
f 1300/1506/1380 1299/1504/1380 1314/1511/1380 1315/1513/1380
f 1293/1507/1381 1292/1505/1381 1307/1512/1381 1308/1514/1381
f 1301/1491/1382 1300/1506/1382 1315/1513/1382 1316/1515/1382
f 1294/1493/1383 1293/1507/1383 1308/1514/1383 1309/1516/1383
f 1302/1492/1384 1301/1491/1384 1316/1515/1384 1317/1517/1384
f 1295/1494/1385 1294/1493/1385 1309/1516/1385 1310/1518/1385
f 1288/1496/1386 1046/1519/1386 1303/1520/1386
f 1272/1521/1387 1302/1492/1387 1317/1517/1387
f 1296/1498/1388 1295/1494/1388 1310/1518/1388 1311/1522/1388
f 1289/1499/1389 1288/1496/1389 1303/1520/1389 1304/1523/1389
f 1297/1500/1390 1296/1498/1390 1311/1522/1390 1312/1524/1390
f 1290/1501/1391 1289/1499/1391 1304/1523/1391 1305/1508/1391
f 1298/1502/1392 1297/1500/1392 1312/1524/1392 1313/1510/1392
f 1310/1518/1393 1309/1516/1393 1324/1525/1393 1325/1526/1393
f 1303/1520/1394 1046/1527/1394 1318/1528/1394
f 1272/1529/1395 1317/1517/1395 1332/1530/1395
f 1311/1522/1396 1310/1518/1396 1325/1526/1396 1326/1531/1396
f 1304/1523/1397 1303/1520/1397 1318/1528/1397 1319/1532/1397
f 1312/1524/1398 1311/1522/1398 1326/1531/1398 1327/1533/1398
f 1305/1508/1399 1304/1523/1399 1319/1532/1399 1320/1534/1399
f 1313/1510/1400 1312/1524/1400 1327/1533/1400 1328/1535/1400
f 1306/1509/1401 1305/1508/1401 1320/1534/1401 1321/1536/1401
f 1314/1511/1402 1313/1510/1402 1328/1535/1402 1329/1537/1402
f 1307/1512/1403 1306/1509/1403 1321/1536/1403 1322/1538/1403
f 1315/1513/1404 1314/1511/1404 1329/1537/1404 1330/1539/1404
f 1308/1514/1405 1307/1512/1405 1322/1538/1405 1323/1540/1405
f 1316/1515/1406 1315/1513/1406 1330/1539/1406 1331/1541/1406
f 1309/1516/1407 1308/1514/1407 1323/1540/1407 1324/1525/1407
f 1317/1517/1408 1316/1515/1408 1331/1541/1408 1332/1530/1408
f 1329/1542/1409 1328/1543/1409 1343/1544/1409 1344/1545/1409
f 1322/1546/1410 1321/1547/1410 1336/1548/1410 1337/1549/1410
f 1330/1550/1411 1329/1542/1411 1344/1545/1411 1345/1551/1411
f 1323/1552/1412 1322/1546/1412 1337/1549/1412 1338/1553/1412
f 1331/1554/1413 1330/1550/1413 1345/1551/1413 1346/1555/1413
f 1324/1556/1414 1323/1552/1414 1338/1553/1414 1339/1557/1414
f 1332/1558/1415 1331/1554/1415 1346/1555/1415 1347/1559/1415
f 1325/1560/1416 1324/1556/1416 1339/1557/1416 1340/1561/1416
f 1318/1562/1417 1046/1563/1417 1333/1564/1417
f 1272/1565/1418 1332/1558/1418 1347/1559/1418
f 1326/1566/1419 1325/1560/1419 1340/1561/1419 1341/1567/1419
f 1319/1568/1420 1318/1562/1420 1333/1564/1420 1334/1569/1420
f 1327/1570/1421 1326/1566/1421 1341/1567/1421 1342/1571/1421
f 1320/1572/1422 1319/1568/1422 1334/1569/1422 1335/1573/1422
f 1328/1543/1423 1327/1570/1423 1342/1571/1423 1343/1544/1423
f 1321/1547/1424 1320/1572/1424 1335/1573/1424 1336/1548/1424
f 1333/1564/1425 1046/1574/1425 1348/1575/1425
f 1272/1576/1426 1347/1559/1426 1362/1577/1426
f 1341/1567/1427 1340/1561/1427 1355/1578/1427 1356/1579/1427
f 1334/1569/1428 1333/1564/1428 1348/1575/1428 1349/1580/1428
f 1342/1571/1429 1341/1567/1429 1356/1579/1429 1357/1581/1429
f 1335/1573/1430 1334/1569/1430 1349/1580/1430 1350/1582/1430
f 1343/1544/1431 1342/1571/1431 1357/1581/1431 1358/1583/1431
f 1336/1548/1432 1335/1573/1432 1350/1582/1432 1351/1584/1432
f 1344/1545/1433 1343/1544/1433 1358/1583/1433 1359/1585/1433
f 1337/1549/1434 1336/1548/1434 1351/1584/1434 1352/1586/1434
f 1345/1551/1435 1344/1545/1435 1359/1585/1435 1360/1587/1435
f 1338/1553/1436 1337/1549/1436 1352/1586/1436 1353/1588/1436
f 1346/1555/1437 1345/1551/1437 1360/1587/1437 1361/1589/1437
f 1339/1557/1438 1338/1553/1438 1353/1588/1438 1354/1590/1438
f 1347/1559/1439 1346/1555/1439 1361/1589/1439 1362/1577/1439
f 1340/1561/1440 1339/1557/1440 1354/1590/1440 1355/1578/1440
f 1352/1586/1441 1351/1584/1441 1366/1591/1441 1367/1592/1441
f 1360/1587/1442 1359/1585/1442 1374/1593/1442 1375/1594/1442
f 1353/1588/1443 1352/1586/1443 1367/1592/1443 1368/1595/1443
f 1361/1589/1444 1360/1587/1444 1375/1594/1444 1376/1596/1444
f 1354/1590/1445 1353/1588/1445 1368/1595/1445 1369/1597/1445
f 1362/1577/1446 1361/1589/1446 1376/1596/1446 1377/1598/1446
f 1355/1578/1447 1354/1590/1447 1369/1597/1447 1370/1599/1447
f 1348/1575/1448 1046/1600/1448 1363/1601/1448
f 1272/1602/1449 1362/1577/1449 1377/1598/1449
f 1356/1579/1450 1355/1578/1450 1370/1599/1450 1371/1603/1450
f 1349/1580/1451 1348/1575/1451 1363/1601/1451 1364/1604/1451
f 1357/1581/1452 1356/1579/1452 1371/1603/1452 1372/1605/1452
f 1350/1582/1453 1349/1580/1453 1364/1604/1453 1365/1606/1453
f 1358/1583/1454 1357/1581/1454 1372/1605/1454 1373/1607/1454
f 1351/1584/1455 1350/1582/1455 1365/1606/1455 1366/1591/1455
f 1359/1585/1456 1358/1583/1456 1373/1607/1456 1374/1593/1456
f 1371/1603/1457 1370/1599/1457 1385/1608/1457 1386/1609/1457
f 1364/1604/1458 1363/1601/1458 1378/1610/1458 1379/1611/1458
f 1372/1605/1459 1371/1603/1459 1386/1609/1459 1387/1612/1459
f 1365/1606/1460 1364/1604/1460 1379/1611/1460 1380/1613/1460
f 1373/1607/1461 1372/1605/1461 1387/1612/1461 1388/1614/1461
f 1366/1591/1462 1365/1606/1462 1380/1613/1462 1381/1615/1462
f 1374/1593/1463 1373/1607/1463 1388/1614/1463 1389/1616/1463
f 1367/1592/1464 1366/1591/1464 1381/1615/1464 1382/1617/1464
f 1375/1594/1465 1374/1593/1465 1389/1616/1465 1390/1618/1465
f 1368/1595/1466 1367/1592/1466 1382/1617/1466 1383/1619/1466
f 1376/1596/1467 1375/1594/1467 1390/1618/1467 1391/1620/1467
f 1369/1597/1468 1368/1595/1468 1383/1619/1468 1384/1621/1468
f 1377/1598/1469 1376/1596/1469 1391/1620/1469 1392/1622/1469
f 1370/1599/1470 1369/1597/1470 1384/1621/1470 1385/1608/1470
f 1363/1601/1471 1046/1623/1471 1378/1610/1471
f 1272/1624/1472 1377/1598/1472 1392/1622/1472
f 1390/1618/1473 1389/1616/1473 1404/1625/1473 1405/1626/1473
f 1383/1619/1474 1382/1617/1474 1397/1627/1474 1398/1628/1474
f 1391/1620/1475 1390/1618/1475 1405/1626/1475 1406/1629/1475
f 1384/1621/1476 1383/1619/1476 1398/1628/1476 1399/1630/1476
f 1392/1622/1477 1391/1620/1477 1406/1629/1477 1407/1631/1477
f 1385/1608/1478 1384/1621/1478 1399/1630/1478 1400/1632/1478
f 1378/1610/1479 1046/1633/1479 1393/1634/1479
f 1272/1635/1480 1392/1622/1480 1407/1631/1480
f 1386/1609/1481 1385/1608/1481 1400/1632/1481 1401/1636/1481
f 1379/1611/1482 1378/1610/1482 1393/1634/1482 1394/1637/1482
f 1387/1612/1483 1386/1609/1483 1401/1636/1483 1402/1638/1483
f 1380/1613/1484 1379/1611/1484 1394/1637/1484 1395/1639/1484
f 1388/1614/1485 1387/1612/1485 1402/1638/1485 1403/1640/1485
f 1381/1615/1486 1380/1613/1486 1395/1639/1486 1396/1641/1486
f 1389/1616/1487 1388/1614/1487 1403/1640/1487 1404/1625/1487
f 1382/1617/1488 1381/1615/1488 1396/1641/1488 1397/1627/1488
f 1402/1638/1489 1401/1636/1489 1416/1642/1489 1417/1643/1489
f 1395/1639/1490 1394/1637/1490 1409/1644/1490 1410/1645/1490
f 1403/1640/1491 1402/1638/1491 1417/1643/1491 1418/1646/1491
f 1396/1641/1492 1395/1639/1492 1410/1645/1492 1411/1647/1492
f 1404/1625/1493 1403/1640/1493 1418/1646/1493 1419/1648/1493
f 1397/1627/1494 1396/1641/1494 1411/1647/1494 1412/1649/1494
f 1405/1626/1495 1404/1625/1495 1419/1648/1495 1420/1650/1495
f 1398/1628/1496 1397/1627/1496 1412/1649/1496 1413/1651/1496
f 1406/1629/1497 1405/1626/1497 1420/1650/1497 1421/1652/1497
f 1399/1630/1498 1398/1628/1498 1413/1651/1498 1414/1653/1498
f 1407/1631/1499 1406/1629/1499 1421/1652/1499 1422/1654/1499
f 1400/1632/1500 1399/1630/1500 1414/1653/1500 1415/1655/1500
f 1393/1634/1501 1046/1656/1501 1408/1657/1501
f 1272/1658/1502 1407/1631/1502 1422/1654/1502
f 1401/1636/1503 1400/1632/1503 1415/1655/1503 1416/1642/1503
f 1394/1637/1504 1393/1634/1504 1408/1657/1504 1409/1644/1504
f 1421/1652/1505 1420/1650/1505 1435/1659/1505 1436/1660/1505
f 1414/1653/1506 1413/1651/1506 1428/1661/1506 1429/1662/1506
f 1422/1654/1507 1421/1652/1507 1436/1660/1507 1437/1663/1507
f 1415/1655/1508 1414/1653/1508 1429/1662/1508 1430/1664/1508
f 1408/1657/1509 1046/1665/1509 1423/1666/1509
f 1272/1667/1510 1422/1654/1510 1437/1663/1510
f 1416/1642/1511 1415/1655/1511 1430/1664/1511 1431/1668/1511
f 1409/1644/1512 1408/1657/1512 1423/1666/1512 1424/1669/1512
f 1417/1643/1513 1416/1642/1513 1431/1668/1513 1432/1670/1513
f 1410/1645/1514 1409/1644/1514 1424/1669/1514 1425/1671/1514
f 1418/1646/1515 1417/1643/1515 1432/1670/1515 1433/1672/1515
f 1411/1647/1516 1410/1645/1516 1425/1671/1516 1426/1673/1516
f 1419/1648/1517 1418/1646/1517 1433/1672/1517 1434/1674/1517
f 1412/1649/1518 1411/1647/1518 1426/1673/1518 1427/1675/1518
f 1420/1650/1519 1419/1648/1519 1434/1674/1519 1435/1659/1519
f 1413/1651/1520 1412/1649/1520 1427/1675/1520 1428/1661/1520
f 1425/1671/1521 1424/1669/1521 1439/1124/1521 965/1123/1521
f 1433/1672/1522 1432/1670/1522 1442/1119/1522 970/1127/1522
f 1426/1673/1523 1425/1671/1523 965/1123/1523 1440/1129/1523
f 1434/1674/1524 1433/1672/1524 970/1127/1524 1443/1131/1524
f 1427/1675/1525 1426/1673/1525 1440/1129/1525 966/1133/1525
f 1435/1659/1526 1434/1674/1526 1443/1131/1526 1444/1135/1526
f 1428/1661/1527 1427/1675/1527 966/1133/1527 1441/1137/1527
f 1436/1660/1528 1435/1659/1528 1444/1135/1528 1445/1139/1528
f 1429/1662/1529 1428/1661/1529 1441/1137/1529 967/1141/1529
f 1437/1663/1530 1436/1660/1530 1445/1139/1530 1446/1143/1530
f 1430/1664/1531 1429/1662/1531 967/1141/1531 968/1145/1531
f 1423/1666/1532 1046/1676/1532 1438/1147/1532
f 1272/1677/1533 1437/1663/1533 1446/1143/1533
f 1431/1668/1534 1430/1664/1534 968/1145/1534 969/1120/1534
f 1424/1669/1535 1423/1666/1535 1438/1147/1535 1439/1124/1535
f 1432/1670/1536 1431/1668/1536 969/1120/1536 1442/1119/1536
o 구체.003
v -0.077000 0.004157 -0.015778
v -0.077000 0.002778 -0.017157
v -0.077000 0.000975 -0.017904
v -0.077000 0.000000 -0.018000
v -0.077000 -0.000975 -0.017904
v -0.077000 -0.002778 -0.017157
v -0.076810 0.004904 -0.013957
v -0.076627 0.004619 -0.014877
v -0.076458 0.004157 -0.015724
v -0.076310 0.003536 -0.016468
v -0.076189 0.002778 -0.017077
v -0.076099 0.001913 -0.017531
v -0.076043 0.000975 -0.017810
v -0.076025 0.000000 -0.017904
v -0.076043 -0.000975 -0.017810
v -0.076099 -0.001913 -0.017531
v -0.076189 -0.002778 -0.017077
v -0.076310 -0.003536 -0.016468
v -0.076458 -0.004157 -0.015724
v -0.076627 -0.004619 -0.014877
v -0.076810 -0.004904 -0.013957
v -0.076627 0.004904 -0.013901
v -0.076268 0.004619 -0.014768
v -0.075937 0.004157 -0.015566
v -0.075647 0.003536 -0.016266
v -0.075409 0.002778 -0.016841
v -0.075232 0.001913 -0.017268
v -0.075123 0.000975 -0.017531
v -0.075087 0.000000 -0.017619
v -0.075123 -0.000975 -0.017531
v -0.075232 -0.001913 -0.017268
v -0.075409 -0.002778 -0.016841
v -0.075647 -0.003536 -0.016266
v -0.075937 -0.004157 -0.015566
v -0.076268 -0.004619 -0.014768
v -0.076627 -0.004904 -0.013901
v -0.076458 0.004904 -0.013811
v -0.075937 0.004619 -0.014591
v -0.075457 0.004157 -0.015310
v -0.075036 0.003536 -0.015940
v -0.074690 0.002778 -0.016457
v -0.074434 0.001913 -0.016841
v -0.074276 0.000975 -0.017077
v -0.074222 0.000000 -0.017157
v -0.074276 -0.000975 -0.017077
v -0.074434 -0.001913 -0.016841
v -0.074690 -0.002778 -0.016457
v -0.075036 -0.003536 -0.015940
v -0.075457 -0.004157 -0.015310
v -0.075937 -0.004619 -0.014591
v -0.076458 -0.004904 -0.013811
v -0.076310 0.004904 -0.013690
v -0.075647 0.004619 -0.014353
v -0.075036 0.004157 -0.014964
v -0.074500 0.003536 -0.015500
v -0.074060 0.002778 -0.015940
v -0.073734 0.001913 -0.016266
v -0.073532 0.000975 -0.016468
v -0.073464 0.000000 -0.016536
v -0.073532 -0.000975 -0.016468
v -0.073734 -0.001913 -0.016266
v -0.074060 -0.002778 -0.015940
v -0.074500 -0.003536 -0.015500
v -0.075036 -0.004157 -0.014964
v -0.075647 -0.004619 -0.014353
v -0.076310 -0.004904 -0.013690
v -0.076189 0.004904 -0.013542
v -0.075409 0.004619 -0.014063
v -0.074690 0.004157 -0.014543
v -0.074060 0.003536 -0.014964
v -0.073543 0.002778 -0.015310
v -0.073159 0.001913 -0.015566
v -0.072923 0.000975 -0.015724
v -0.072843 0.000000 -0.015778
v -0.072923 -0.000975 -0.015724
v -0.073159 -0.001913 -0.015566
v -0.073543 -0.002778 -0.015310
v -0.074060 -0.003536 -0.014964
v -0.074690 -0.004157 -0.014543
v -0.075409 -0.004619 -0.014063
v -0.076189 -0.004904 -0.013542
v -0.077000 0.005000 -0.013000
v -0.076099 0.004904 -0.013373
v -0.075232 0.004619 -0.013732
v -0.074434 0.004157 -0.014063
v -0.073734 0.003536 -0.014353
v -0.073159 0.002778 -0.014591
v -0.072732 0.001913 -0.014768
v -0.072469 0.000975 -0.014877
v -0.072381 0.000000 -0.014913
v -0.072469 -0.000975 -0.014877
v -0.072732 -0.001913 -0.014768
v -0.073159 -0.002778 -0.014591
v -0.073734 -0.003536 -0.014353
v -0.074434 -0.004157 -0.014063
v -0.075232 -0.004619 -0.013732
v -0.076099 -0.004904 -0.013373
v -0.076043 0.004904 -0.013190
v -0.075123 0.004619 -0.013373
v -0.074276 0.004157 -0.013542
v -0.073532 0.003536 -0.013690
v -0.072923 0.002778 -0.013811
v -0.072469 0.001913 -0.013901
v -0.072190 0.000975 -0.013957
v -0.072096 0.000000 -0.013975
v -0.072190 -0.000975 -0.013957
v -0.072469 -0.001913 -0.013901
v -0.072923 -0.002778 -0.013811
v -0.073532 -0.003536 -0.013690
v -0.074276 -0.004157 -0.013542
v -0.075123 -0.004619 -0.013373
v -0.076043 -0.004904 -0.013190
v -0.076025 0.004904 -0.013000
v -0.075087 0.004619 -0.013000
v -0.074222 0.004157 -0.013000
v -0.073464 0.003536 -0.013000
v -0.072843 0.002778 -0.013000
v -0.072381 0.001913 -0.013000
v -0.072096 0.000975 -0.013000
v -0.072000 0.000000 -0.013000
v -0.072096 -0.000975 -0.013000
v -0.072381 -0.001913 -0.013000
v -0.072843 -0.002778 -0.013000
v -0.073464 -0.003536 -0.013000
v -0.074222 -0.004157 -0.013000
v -0.075087 -0.004619 -0.013000
v -0.076025 -0.004904 -0.013000
v -0.076043 0.004904 -0.012810
v -0.075123 0.004619 -0.012627
v -0.074276 0.004157 -0.012458
v -0.073532 0.003536 -0.012310
v -0.072923 0.002778 -0.012189
v -0.072469 0.001913 -0.012099
v -0.072190 0.000975 -0.012043
v -0.072096 0.000000 -0.012025
v -0.072190 -0.000975 -0.012043
v -0.072469 -0.001913 -0.012099
v -0.072923 -0.002778 -0.012189
v -0.073532 -0.003536 -0.012310
v -0.074276 -0.004157 -0.012458
v -0.075123 -0.004619 -0.012627
v -0.076043 -0.004904 -0.012810
v -0.076099 0.004904 -0.012627
v -0.075232 0.004619 -0.012268
v -0.074434 0.004157 -0.011937
v -0.073734 0.003536 -0.011647
v -0.073159 0.002778 -0.011409
v -0.072732 0.001913 -0.011232
v -0.072469 0.000975 -0.011123
v -0.072381 0.000000 -0.011087
v -0.072469 -0.000975 -0.011123
v -0.072732 -0.001913 -0.011232
v -0.073159 -0.002778 -0.011409
v -0.073734 -0.003536 -0.011647
v -0.074434 -0.004157 -0.011937
v -0.075232 -0.004619 -0.012268
v -0.076099 -0.004904 -0.012627
v -0.076189 0.004904 -0.012458
v -0.075409 0.004619 -0.011937
v -0.074690 0.004157 -0.011457
v -0.074060 0.003536 -0.011036
v -0.073543 0.002778 -0.010690
v -0.073159 0.001913 -0.010434
v -0.072923 0.000975 -0.010276
v -0.072843 0.000000 -0.010222
v -0.072923 -0.000975 -0.010276
v -0.073159 -0.001913 -0.010434
v -0.073543 -0.002778 -0.010690
v -0.074060 -0.003536 -0.011036
v -0.074690 -0.004157 -0.011457
v -0.075409 -0.004619 -0.011937
v -0.076189 -0.004904 -0.012458
v -0.076310 0.004904 -0.012310
v -0.075647 0.004619 -0.011647
v -0.075036 0.004157 -0.011036
v -0.074500 0.003536 -0.010500
v -0.074060 0.002778 -0.010060
v -0.073734 0.001913 -0.009734
v -0.073532 0.000975 -0.009532
v -0.073464 0.000000 -0.009464
v -0.073532 -0.000975 -0.009532
v -0.073734 -0.001913 -0.009734
v -0.074060 -0.002778 -0.010060
v -0.074500 -0.003536 -0.010500
v -0.075036 -0.004157 -0.011036
v -0.075647 -0.004619 -0.011647
v -0.076310 -0.004904 -0.012310
v -0.076458 0.004904 -0.012189
v -0.075937 0.004619 -0.011409
v -0.075457 0.004157 -0.010690
v -0.075036 0.003536 -0.010060
v -0.074690 0.002778 -0.009543
v -0.074434 0.001913 -0.009159
v -0.074276 0.000975 -0.008923
v -0.074222 0.000000 -0.008843
v -0.074276 -0.000975 -0.008923
v -0.074434 -0.001913 -0.009159
v -0.074690 -0.002778 -0.009543
v -0.075036 -0.003536 -0.010060
v -0.075457 -0.004157 -0.010690
v -0.075937 -0.004619 -0.011409
v -0.076458 -0.004904 -0.012189
v -0.076627 0.004904 -0.012099
v -0.076268 0.004619 -0.011232
v -0.075937 0.004157 -0.010434
v -0.075647 0.003536 -0.009734
v -0.075409 0.002778 -0.009159
v -0.075232 0.001913 -0.008732
v -0.075123 0.000975 -0.008469
v -0.075087 0.000000 -0.008381
v -0.075123 -0.000975 -0.008469
v -0.075232 -0.001913 -0.008732
v -0.075409 -0.002778 -0.009159
v -0.075647 -0.003536 -0.009734
v -0.075937 -0.004157 -0.010434
v -0.076268 -0.004619 -0.011232
v -0.076627 -0.004904 -0.012099
v -0.076810 0.004904 -0.012043
v -0.076627 0.004619 -0.011123
v -0.076458 0.004157 -0.010276
v -0.076310 0.003536 -0.009532
v -0.076189 0.002778 -0.008923
v -0.076099 0.001913 -0.008469
v -0.076043 0.000975 -0.008190
v -0.076025 0.000000 -0.008096
v -0.076043 -0.000975 -0.008190
v -0.076099 -0.001913 -0.008469
v -0.076189 -0.002778 -0.008923
v -0.076310 -0.003536 -0.009532
v -0.076458 -0.004157 -0.010276
v -0.076627 -0.004619 -0.011123
v -0.076810 -0.004904 -0.012043
v -0.077000 0.004904 -0.012025
v -0.077000 0.004619 -0.011087
v -0.077000 0.004157 -0.010222
v -0.077000 0.003536 -0.009464
v -0.077000 0.002778 -0.008843
v -0.077000 0.001913 -0.008381
v -0.077000 0.000975 -0.008096
v -0.077000 0.000000 -0.008000
v -0.077000 -0.000975 -0.008096
v -0.077000 -0.001913 -0.008381
v -0.077000 -0.002778 -0.008843
v -0.077000 -0.003536 -0.009464
v -0.077000 -0.004157 -0.010222
v -0.077000 -0.004619 -0.011087
v -0.077000 -0.004904 -0.012025
v -0.077190 0.004904 -0.012043
v -0.077373 0.004619 -0.011123
v -0.077542 0.004157 -0.010276
v -0.077690 0.003536 -0.009532
v -0.077811 0.002778 -0.008923
v -0.077901 0.001913 -0.008469
v -0.077957 0.000975 -0.008190
v -0.077975 0.000000 -0.008096
v -0.077957 -0.000975 -0.008190
v -0.077901 -0.001913 -0.008469
v -0.077811 -0.002778 -0.008923
v -0.077690 -0.003536 -0.009532
v -0.077542 -0.004157 -0.010276
v -0.077373 -0.004619 -0.011123
v -0.077190 -0.004904 -0.012043
v -0.077373 0.004904 -0.012099
v -0.077732 0.004619 -0.011232
v -0.078063 0.004157 -0.010434
v -0.078353 0.003536 -0.009734
v -0.078591 0.002778 -0.009159
v -0.078768 0.001913 -0.008732
v -0.078877 0.000975 -0.008469
v -0.078913 0.000000 -0.008381
v -0.078877 -0.000975 -0.008469
v -0.078768 -0.001913 -0.008732
v -0.078591 -0.002778 -0.009159
v -0.078353 -0.003536 -0.009734
v -0.078063 -0.004157 -0.010434
v -0.077732 -0.004619 -0.011232
v -0.077373 -0.004904 -0.012099
v -0.077542 0.004904 -0.012189
v -0.078063 0.004619 -0.011409
v -0.078543 0.004157 -0.010690
v -0.078964 0.003536 -0.010060
v -0.079310 0.002778 -0.009543
v -0.079566 0.001913 -0.009159
v -0.079724 0.000975 -0.008923
v -0.079778 0.000000 -0.008843
v -0.079724 -0.000975 -0.008923
v -0.079566 -0.001913 -0.009159
v -0.079310 -0.002778 -0.009543
v -0.078964 -0.003536 -0.010060
v -0.078543 -0.004157 -0.010690
v -0.078063 -0.004619 -0.011409
v -0.077542 -0.004904 -0.012189
v -0.077690 0.004904 -0.012310
v -0.078353 0.004619 -0.011647
v -0.078964 0.004157 -0.011036
v -0.079500 0.003536 -0.010500
v -0.079940 0.002778 -0.010060
v -0.080266 0.001913 -0.009734
v -0.080468 0.000975 -0.009532
v -0.080536 0.000000 -0.009464
v -0.080468 -0.000975 -0.009532
v -0.080266 -0.001913 -0.009734
v -0.079940 -0.002778 -0.010060
v -0.079500 -0.003536 -0.010500
v -0.078964 -0.004157 -0.011036
v -0.078353 -0.004619 -0.011647
v -0.077690 -0.004904 -0.012310
v -0.077000 -0.005000 -0.013000
v -0.077811 0.004904 -0.012458
v -0.078591 0.004619 -0.011937
v -0.079310 0.004157 -0.011457
v -0.079940 0.003536 -0.011036
v -0.080457 0.002778 -0.010690
v -0.080841 0.001913 -0.010434
v -0.081077 0.000975 -0.010276
v -0.081157 0.000000 -0.010222
v -0.081077 -0.000975 -0.010276
v -0.080841 -0.001913 -0.010434
v -0.080457 -0.002778 -0.010690
v -0.079940 -0.003536 -0.011036
v -0.079310 -0.004157 -0.011457
v -0.078591 -0.004619 -0.011937
v -0.077811 -0.004904 -0.012458
v -0.077901 0.004904 -0.012627
v -0.078768 0.004619 -0.012268
v -0.079566 0.004157 -0.011937
v -0.080266 0.003536 -0.011647
v -0.080841 0.002778 -0.011409
v -0.081268 0.001913 -0.011232
v -0.081531 0.000975 -0.011123
v -0.081619 0.000000 -0.011087
v -0.081531 -0.000975 -0.011123
v -0.081268 -0.001913 -0.011232
v -0.080841 -0.002778 -0.011409
v -0.080266 -0.003536 -0.011647
v -0.079566 -0.004157 -0.011937
v -0.078768 -0.004619 -0.012268
v -0.077901 -0.004904 -0.012627
v -0.077957 0.004904 -0.012810
v -0.078877 0.004619 -0.012627
v -0.079724 0.004157 -0.012458
v -0.080468 0.003536 -0.012310
v -0.081077 0.002778 -0.012189
v -0.081531 0.001913 -0.012099
v -0.081810 0.000975 -0.012043
v -0.081904 0.000000 -0.012025
v -0.081810 -0.000975 -0.012043
v -0.081531 -0.001913 -0.012099
v -0.081077 -0.002778 -0.012189
v -0.080468 -0.003536 -0.012310
v -0.079724 -0.004157 -0.012458
v -0.078877 -0.004619 -0.012627
v -0.077957 -0.004904 -0.012810
v -0.077975 0.004904 -0.013000
v -0.078913 0.004619 -0.013000
v -0.079778 0.004157 -0.013000
v -0.080536 0.003536 -0.013000
v -0.081157 0.002778 -0.013000
v -0.081619 0.001913 -0.013000
v -0.081904 0.000975 -0.013000
v -0.082000 0.000000 -0.013000
v -0.081904 -0.000975 -0.013000
v -0.081619 -0.001913 -0.013000
v -0.081157 -0.002778 -0.013000
v -0.080536 -0.003536 -0.013000
v -0.079778 -0.004157 -0.013000
v -0.078913 -0.004619 -0.013000
v -0.077975 -0.004904 -0.013000
v -0.077957 0.004904 -0.013190
v -0.078877 0.004619 -0.013373
v -0.079724 0.004157 -0.013542
v -0.080468 0.003536 -0.013690
v -0.081077 0.002778 -0.013811
v -0.081531 0.001913 -0.013901
v -0.081810 0.000975 -0.013957
v -0.081904 0.000000 -0.013975
v -0.081810 -0.000975 -0.013957
v -0.081531 -0.001913 -0.013901
v -0.081077 -0.002778 -0.013811
v -0.080468 -0.003536 -0.013690
v -0.079724 -0.004157 -0.013542
v -0.078877 -0.004619 -0.013373
v -0.077957 -0.004904 -0.013190
v -0.077901 0.004904 -0.013373
v -0.078768 0.004619 -0.013732
v -0.079566 0.004157 -0.014063
v -0.080266 0.003536 -0.014353
v -0.080841 0.002778 -0.014591
v -0.081268 0.001913 -0.014768
v -0.081531 0.000975 -0.014877
v -0.081619 0.000000 -0.014913
v -0.081531 -0.000975 -0.014877
v -0.081268 -0.001913 -0.014768
v -0.080841 -0.002778 -0.014591
v -0.080266 -0.003536 -0.014353
v -0.079566 -0.004157 -0.014063
v -0.078768 -0.004619 -0.013732
v -0.077901 -0.004904 -0.013373
v -0.077811 0.004904 -0.013542
v -0.078591 0.004619 -0.014063
v -0.079310 0.004157 -0.014543
v -0.079940 0.003536 -0.014964
v -0.080457 0.002778 -0.015310
v -0.080841 0.001913 -0.015566
v -0.081077 0.000975 -0.015724
v -0.081157 0.000000 -0.015778
v -0.081077 -0.000975 -0.015724
v -0.080841 -0.001913 -0.015566
v -0.080457 -0.002778 -0.015310
v -0.079940 -0.003536 -0.014964
v -0.079310 -0.004157 -0.014543
v -0.078591 -0.004619 -0.014063
v -0.077811 -0.004904 -0.013542
v -0.077690 0.004904 -0.013690
v -0.078353 0.004619 -0.014353
v -0.078964 0.004157 -0.014964
v -0.079500 0.003536 -0.015500
v -0.079940 0.002778 -0.015940
v -0.080266 0.001913 -0.016266
v -0.080468 0.000975 -0.016468
v -0.080536 0.000000 -0.016536
v -0.080468 -0.000975 -0.016468
v -0.080266 -0.001913 -0.016266
v -0.079940 -0.002778 -0.015940
v -0.079500 -0.003536 -0.015500
v -0.078964 -0.004157 -0.014964
v -0.078353 -0.004619 -0.014353
v -0.077690 -0.004904 -0.013690
v -0.077542 0.004904 -0.013811
v -0.078063 0.004619 -0.014591
v -0.078543 0.004157 -0.015310
v -0.078964 0.003536 -0.015940
v -0.079310 0.002778 -0.016457
v -0.079566 0.001913 -0.016841
v -0.079724 0.000975 -0.017077
v -0.079778 0.000000 -0.017157
v -0.079724 -0.000975 -0.017077
v -0.079566 -0.001913 -0.016841
v -0.079310 -0.002778 -0.016457
v -0.078964 -0.003536 -0.015940
v -0.078543 -0.004157 -0.015310
v -0.078063 -0.004619 -0.014591
v -0.077542 -0.004904 -0.013811
v -0.077373 0.004904 -0.013901
v -0.077732 0.004619 -0.014768
v -0.078063 0.004157 -0.015566
v -0.078353 0.003536 -0.016266
v -0.078591 0.002778 -0.016841
v -0.078768 0.001913 -0.017268
v -0.078877 0.000975 -0.017531
v -0.078913 0.000000 -0.017619
v -0.078877 -0.000975 -0.017531
v -0.078768 -0.001913 -0.017268
v -0.078591 -0.002778 -0.016841
v -0.078353 -0.003536 -0.016266
v -0.078063 -0.004157 -0.015566
v -0.077732 -0.004619 -0.014768
v -0.077373 -0.004904 -0.013901
v -0.077190 0.004904 -0.013957
v -0.077373 0.004619 -0.014877
v -0.077542 0.004157 -0.015724
v -0.077690 0.003536 -0.016468
v -0.077811 0.002778 -0.017077
v -0.077901 0.001913 -0.017531
v -0.077957 0.000975 -0.017810
v -0.077975 0.000000 -0.017904
v -0.077957 -0.000975 -0.017810
v -0.077901 -0.001913 -0.017531
v -0.077811 -0.002778 -0.017077
v -0.077690 -0.003536 -0.016468
v -0.077542 -0.004157 -0.015724
v -0.077373 -0.004619 -0.014877
v -0.077190 -0.004904 -0.013957
v -0.077000 0.004904 -0.013975
v -0.077000 0.004619 -0.014913
v -0.077000 0.003536 -0.016536
v -0.077000 0.001913 -0.017619
v -0.077000 -0.001913 -0.017619
v -0.077000 -0.003536 -0.016536
v -0.077000 -0.004157 -0.015778
v -0.077000 -0.004619 -0.014913
v -0.077000 -0.004904 -0.013975
vn 0.0938 -0.2890 -0.9527
vn 0.0464 0.8810 -0.4709
vn 0.0865 -0.4696 -0.8786
vn 0.0624 0.7715 -0.6332
vn 0.0759 -0.6326 -0.7708
vn 0.0759 0.6326 -0.7708
vn 0.0624 -0.7715 -0.6332
vn 0.0865 0.4696 -0.8786
vn 0.0464 -0.8810 -0.4709
vn 0.0938 0.2890 -0.9527
vn 0.0286 -0.9565 -0.2902
vn 0.0975 0.0975 -0.9904
vn 0.0097 0.9951 -0.0980
vn 0.0097 -0.9951 -0.0980
vn 0.0975 -0.0975 -0.9904
vn 0.0286 0.9565 -0.2902
vn 0.0286 -0.9951 -0.0942
vn 0.2889 -0.0976 -0.9524
vn 0.0846 0.9565 -0.2790
vn 0.2779 -0.2890 -0.9161
vn 0.1374 0.8810 -0.4528
vn 0.2563 -0.4696 -0.8448
vn 0.1847 0.7715 -0.6088
vn 0.2248 -0.6326 -0.7412
vn 0.2248 0.6326 -0.7412
vn 0.1847 -0.7715 -0.6088
vn 0.2563 0.4696 -0.8448
vn 0.1374 -0.8810 -0.4528
vn 0.2779 0.2890 -0.9161
vn 0.0846 -0.9565 -0.2790
vn 0.2889 0.0976 -0.9524
vn 0.0286 0.9951 -0.0942
vn 0.2999 -0.7715 -0.5611
vn 0.4162 0.4696 -0.7786
vn 0.2230 -0.8810 -0.4173
vn 0.4513 0.2890 -0.8443
vn 0.1374 -0.9565 -0.2571
vn 0.4691 0.0975 -0.8777
vn 0.0464 0.9951 -0.0869
vn 0.0464 -0.9951 -0.0869
vn 0.4691 -0.0975 -0.8777
vn 0.1374 0.9565 -0.2571
vn 0.4513 -0.2890 -0.8443
vn 0.2230 0.8810 -0.4173
vn 0.4162 -0.4696 -0.7786
vn 0.2999 0.7715 -0.5611
vn 0.3651 -0.6326 -0.6831
vn 0.3651 0.6326 -0.6831
vn 0.1850 0.9565 -0.2254
vn 0.6073 -0.2890 -0.7400
vn 0.3002 0.8810 -0.3658
vn 0.5601 -0.4696 -0.6825
vn 0.4036 0.7715 -0.4918
vn 0.4913 -0.6326 -0.5987
vn 0.4913 0.6326 -0.5987
vn 0.4036 -0.7715 -0.4918
vn 0.5601 0.4696 -0.6825
vn 0.3002 -0.8810 -0.3658
vn 0.6073 0.2890 -0.7400
vn 0.1850 -0.9565 -0.2254
vn 0.6314 0.0975 -0.7693
vn 0.0625 0.9951 -0.0761
vn 0.0625 -0.9951 -0.0761
vn 0.6314 -0.0975 -0.7693
vn 0.6825 0.4696 -0.5601
vn 0.3658 -0.8810 -0.3002
vn 0.7400 0.2890 -0.6073
vn 0.2254 -0.9565 -0.1850
vn 0.7693 0.0975 -0.6314
vn 0.0761 0.9951 -0.0625
vn 0.0761 -0.9951 -0.0625
vn 0.7693 -0.0975 -0.6314
vn 0.2254 0.9565 -0.1850
vn 0.7400 -0.2890 -0.6073
vn 0.3658 0.8810 -0.3002
vn 0.6825 -0.4696 -0.5601
vn 0.4918 0.7715 -0.4036
vn 0.5987 -0.6326 -0.4913
vn 0.5987 0.6326 -0.4913
vn 0.4918 -0.7715 -0.4036
vn 0.8443 -0.2890 -0.4513
vn 0.4173 0.8810 -0.2230
vn 0.7786 -0.4696 -0.4162
vn 0.5611 0.7715 -0.2999
vn 0.6831 -0.6326 -0.3651
vn 0.6831 0.6326 -0.3651
vn 0.5611 -0.7715 -0.2999
vn 0.7786 0.4696 -0.4162
vn 0.4173 -0.8810 -0.2230
vn 0.8443 0.2890 -0.4513
vn 0.2571 -0.9565 -0.1374
vn 0.8777 0.0975 -0.4691
vn 0.0869 0.9951 -0.0464
vn 0.0869 -0.9951 -0.0464
vn 0.8777 -0.0975 -0.4691
vn 0.2571 0.9565 -0.1374
vn 0.4528 -0.8810 -0.1374
vn 0.9161 0.2890 -0.2779
vn 0.2790 -0.9565 -0.0846
vn 0.9524 0.0975 -0.2889
vn 0.0942 0.9951 -0.0286
vn 0.0942 -0.9951 -0.0286
vn 0.9524 -0.0975 -0.2889
vn 0.2790 0.9565 -0.0846
vn 0.9161 -0.2890 -0.2779
vn 0.4528 0.8810 -0.1374
vn 0.8448 -0.4696 -0.2563
vn 0.6088 0.7715 -0.1847
vn 0.7412 -0.6326 -0.2248
vn 0.7412 0.6326 -0.2248
vn 0.6088 -0.7715 -0.1847
vn 0.8448 0.4696 -0.2563
vn 0.4709 0.8810 -0.0464
vn 0.8786 -0.4696 -0.0865
vn 0.6332 0.7715 -0.0624
vn 0.7708 -0.6326 -0.0759
vn 0.7708 0.6326 -0.0759
vn 0.6332 -0.7715 -0.0624
vn 0.8786 0.4696 -0.0865
vn 0.4709 -0.8810 -0.0464
vn 0.9527 0.2890 -0.0938
vn 0.2902 -0.9565 -0.0286
vn 0.9904 0.0975 -0.0975
vn 0.0980 0.9951 -0.0097
vn 0.0980 -0.9951 -0.0097
vn 0.9904 -0.0975 -0.0975
vn 0.2902 0.9565 -0.0286
vn 0.9527 -0.2890 -0.0938
vn 0.9527 0.2890 0.0938
vn 0.2902 -0.9565 0.0286
vn 0.9904 0.0975 0.0976
vn 0.0980 0.9951 0.0097
vn 0.0980 -0.9951 0.0097
vn 0.9904 -0.0975 0.0976
vn 0.2902 0.9565 0.0286
vn 0.9527 -0.2890 0.0938
vn 0.4709 0.8810 0.0464
vn 0.8786 -0.4696 0.0865
vn 0.6332 0.7715 0.0624
vn 0.7708 -0.6326 0.0759
vn 0.7708 0.6326 0.0759
vn 0.6332 -0.7715 0.0624
vn 0.8786 0.4696 0.0865
vn 0.4709 -0.8810 0.0464
vn 0.8448 -0.4696 0.2563
vn 0.6088 0.7715 0.1847
vn 0.7412 -0.6326 0.2248
vn 0.7412 0.6326 0.2248
vn 0.6088 -0.7715 0.1847
vn 0.8448 0.4696 0.2563
vn 0.4528 -0.8810 0.1374
vn 0.9161 0.2890 0.2779
vn 0.2790 -0.9565 0.0846
vn 0.9524 0.0975 0.2889
vn 0.0942 0.9951 0.0286
vn 0.0942 -0.9951 0.0286
vn 0.9524 -0.0975 0.2889
vn 0.2790 0.9565 0.0846
vn 0.9161 -0.2890 0.2779
vn 0.4528 0.8810 0.1374
vn 0.2571 -0.9565 0.1374
vn 0.8777 0.0975 0.4691
vn 0.0869 0.9951 0.0464
vn 0.0869 -0.9951 0.0464
vn 0.8777 -0.0975 0.4691
vn 0.2571 0.9565 0.1374
vn 0.8443 -0.2890 0.4513
vn 0.4173 0.8810 0.2230
vn 0.7786 -0.4696 0.4162
vn 0.5611 0.7715 0.2999
vn 0.6831 -0.6326 0.3651
vn 0.6831 0.6326 0.3651
vn 0.5611 -0.7715 0.2999
vn 0.7786 0.4696 0.4162
vn 0.4173 -0.8810 0.2230
vn 0.8443 0.2890 0.4513
vn 0.5987 -0.6326 0.4913
vn 0.5987 0.6326 0.4913
vn 0.4918 -0.7715 0.4036
vn 0.6825 0.4696 0.5601
vn 0.3658 -0.8810 0.3002
vn 0.7400 0.2890 0.6073
vn 0.2254 -0.9565 0.1850
vn 0.7693 0.0975 0.6314
vn 0.0761 0.9951 0.0625
vn 0.0761 -0.9951 0.0625
vn 0.7693 -0.0975 0.6314
vn 0.2254 0.9565 0.1850
vn 0.7400 -0.2890 0.6073
vn 0.3658 0.8810 0.3002
vn 0.6825 -0.4696 0.5601
vn 0.4918 0.7715 0.4036
vn 0.0625 0.9951 0.0761
vn 0.0625 -0.9951 0.0761
vn 0.6314 -0.0975 0.7693
vn 0.1850 0.9565 0.2254
vn 0.6073 -0.2890 0.7400
vn 0.3002 0.8810 0.3658
vn 0.5601 -0.4696 0.6825
vn 0.4036 0.7715 0.4918
vn 0.4913 -0.6326 0.5987
vn 0.4913 0.6326 0.5987
vn 0.4036 -0.7715 0.4918
vn 0.5601 0.4696 0.6825
vn 0.3002 -0.8810 0.3658
vn 0.6073 0.2890 0.7400
vn 0.1850 -0.9565 0.2254
vn 0.6314 0.0975 0.7693
vn 0.3651 0.6326 0.6831
vn 0.2999 -0.7715 0.5611
vn 0.4162 0.4696 0.7786
vn 0.2230 -0.8810 0.4173
vn 0.4513 0.2890 0.8443
vn 0.1374 -0.9565 0.2571
vn 0.4691 0.0975 0.8777
vn 0.0464 0.9951 0.0869
vn 0.0464 -0.9951 0.0869
vn 0.4691 -0.0975 0.8777
vn 0.1374 0.9565 0.2571
vn 0.4513 -0.2890 0.8443
vn 0.2230 0.8810 0.4173
vn 0.4162 -0.4696 0.7786
vn 0.2999 0.7715 0.5611
vn 0.3651 -0.6326 0.6831
vn 0.2889 -0.0975 0.9524
vn 0.0846 0.9565 0.2790
vn 0.2779 -0.2890 0.9161
vn 0.1374 0.8810 0.4528
vn 0.2563 -0.4696 0.8448
vn 0.1847 0.7715 0.6088
vn 0.2248 -0.6326 0.7412
vn 0.2248 0.6326 0.7412
vn 0.1847 -0.7715 0.6088
vn 0.2563 0.4696 0.8448
vn 0.1374 -0.8810 0.4528
vn 0.2779 0.2890 0.9161
vn 0.0846 -0.9565 0.2790
vn 0.2889 0.0975 0.9524
vn 0.0286 0.9951 0.0942
vn 0.0286 -0.9951 0.0942
vn 0.0624 -0.7715 0.6332
vn 0.0865 0.4696 0.8786
vn 0.0464 -0.8810 0.4709
vn 0.0938 0.2890 0.9527
vn 0.0286 -0.9565 0.2902
vn 0.0975 0.0975 0.9904
vn 0.0097 0.9951 0.0980
vn 0.0097 -0.9951 0.0980
vn 0.0975 -0.0975 0.9904
vn 0.0286 0.9565 0.2902
vn 0.0938 -0.2890 0.9527
vn 0.0464 0.8810 0.4709
vn 0.0865 -0.4696 0.8786
vn 0.0624 0.7715 0.6332
vn 0.0759 -0.6326 0.7708
vn 0.0759 0.6326 0.7708
vn -0.0286 0.9565 0.2902
vn -0.0938 -0.2890 0.9527
vn -0.0464 0.8810 0.4709
vn -0.0865 -0.4696 0.8786
vn -0.0624 0.7715 0.6332
vn -0.0759 -0.6326 0.7708
vn -0.0759 0.6326 0.7708
vn -0.0624 -0.7715 0.6332
vn -0.0865 0.4696 0.8786
vn -0.0464 -0.8810 0.4709
vn -0.0938 0.2890 0.9527
vn -0.0286 -0.9565 0.2902
vn -0.0976 0.0975 0.9904
vn -0.0097 0.9951 0.0980
vn -0.0097 -0.9951 0.0980
vn -0.0976 -0.0975 0.9904
vn -0.2563 0.4696 0.8448
vn -0.1374 -0.8810 0.4528
vn -0.2779 0.2890 0.9161
vn -0.0846 -0.9565 0.2790
vn -0.2889 0.0975 0.9524
vn -0.0286 0.9951 0.0942
vn -0.0286 -0.9951 0.0942
vn -0.2889 -0.0975 0.9524
vn -0.0846 0.9565 0.2790
vn -0.2779 -0.2890 0.9161
vn -0.1374 0.8810 0.4528
vn -0.2563 -0.4696 0.8448
vn -0.1847 0.7715 0.6088
vn -0.2248 -0.6326 0.7412
vn -0.2248 0.6326 0.7412
vn -0.1847 -0.7715 0.6088
vn -0.4513 -0.2890 0.8443
vn -0.2230 0.8810 0.4173
vn -0.4162 -0.4696 0.7786
vn -0.2999 0.7715 0.5611
vn -0.3651 -0.6326 0.6831
vn -0.3651 0.6326 0.6831
vn -0.2999 -0.7715 0.5611
vn -0.4162 0.4696 0.7786
vn -0.2230 -0.8810 0.4173
vn -0.4513 0.2890 0.8443
vn -0.1374 -0.9565 0.2571
vn -0.4691 0.0975 0.8777
vn -0.0464 0.9951 0.0869
vn -0.0464 -0.9951 0.0869
vn -0.4691 -0.0975 0.8777
vn -0.1374 0.9565 0.2571
vn -0.3002 -0.8810 0.3658
vn -0.6073 0.2890 0.7400
vn -0.1850 -0.9565 0.2254
vn -0.6314 0.0975 0.7693
vn -0.0625 0.9951 0.0761
vn -0.0625 -0.9951 0.0761
vn -0.6314 -0.0975 0.7693
vn -0.1850 0.9565 0.2254
vn -0.6073 -0.2890 0.7400
vn -0.3002 0.8810 0.3658
vn -0.5601 -0.4696 0.6825
vn -0.4036 0.7715 0.4918
vn -0.4913 -0.6326 0.5987
vn -0.4913 0.6326 0.5987
vn -0.4036 -0.7715 0.4918
vn -0.5601 0.4696 0.6825
vn -0.6825 -0.4696 0.5601
vn -0.4918 0.7715 0.4036
vn -0.5987 -0.6326 0.4913
vn -0.5987 0.6326 0.4913
vn -0.4918 -0.7715 0.4036
vn -0.6825 0.4696 0.5601
vn -0.3658 -0.8810 0.3002
vn -0.7400 0.2890 0.6073
vn -0.2254 -0.9565 0.1850
vn -0.7693 0.0975 0.6314
vn -0.0761 0.9951 0.0625
vn -0.0761 -0.9951 0.0625
vn -0.7693 -0.0975 0.6314
vn -0.2254 0.9565 0.1850
vn -0.7400 -0.2890 0.6073
vn -0.3658 0.8810 0.3002
vn -0.2571 -0.9565 0.1374
vn -0.8777 0.0975 0.4691
vn -0.0869 0.9951 0.0464
vn -0.0869 -0.9951 0.0464
vn -0.8777 -0.0975 0.4691
vn -0.2571 0.9565 0.1374
vn -0.8443 -0.2890 0.4513
vn -0.4173 0.8810 0.2230
vn -0.7786 -0.4696 0.4162
vn -0.5611 0.7715 0.2999
vn -0.6831 -0.6326 0.3651
vn -0.6831 0.6326 0.3651
vn -0.5611 -0.7715 0.2999
vn -0.7786 0.4696 0.4162
vn -0.4173 -0.8810 0.2230
vn -0.8443 0.2890 0.4513
vn -0.6088 0.7715 0.1847
vn -0.7412 -0.6326 0.2248
vn -0.7412 0.6326 0.2248
vn -0.6088 -0.7715 0.1847
vn -0.8448 0.4696 0.2563
vn -0.4528 -0.8810 0.1374
vn -0.9161 0.2890 0.2779
vn -0.2790 -0.9565 0.0846
vn -0.9524 0.0975 0.2889
vn -0.0942 0.9951 0.0286
vn -0.0942 -0.9951 0.0286
vn -0.9524 -0.0975 0.2889
vn -0.2790 0.9565 0.0846
vn -0.9161 -0.2890 0.2779
vn -0.4528 0.8810 0.1374
vn -0.8448 -0.4696 0.2563
vn -0.9904 0.0975 0.0975
vn -0.0980 0.9951 0.0097
vn -0.0980 -0.9951 0.0097
vn -0.9904 -0.0975 0.0975
vn -0.2902 0.9565 0.0286
vn -0.9527 -0.2890 0.0938
vn -0.4709 0.8810 0.0464
vn -0.8786 -0.4696 0.0865
vn -0.6332 0.7715 0.0624
vn -0.7708 -0.6326 0.0759
vn -0.7708 0.6326 0.0759
vn -0.6332 -0.7715 0.0624
vn -0.8786 0.4696 0.0865
vn -0.4709 -0.8810 0.0464
vn -0.9527 0.2890 0.0938
vn -0.2902 -0.9565 0.0286
vn -0.7708 -0.6326 -0.0759
vn -0.7708 0.6326 -0.0759
vn -0.6332 -0.7715 -0.0624
vn -0.8786 0.4696 -0.0865
vn -0.4709 -0.8810 -0.0464
vn -0.9527 0.2890 -0.0938
vn -0.2902 -0.9565 -0.0286
vn -0.9904 0.0975 -0.0976
vn -0.0980 0.9951 -0.0097
vn -0.0980 -0.9951 -0.0097
vn -0.9904 -0.0975 -0.0976
vn -0.2902 0.9565 -0.0286
vn -0.9527 -0.2890 -0.0938
vn -0.4709 0.8810 -0.0464
vn -0.8786 -0.4696 -0.0865
vn -0.6332 0.7715 -0.0624
vn -0.0942 0.9951 -0.0286
vn -0.0942 -0.9951 -0.0286
vn -0.9524 -0.0975 -0.2889
vn -0.2790 0.9565 -0.0846
vn -0.9161 -0.2890 -0.2779
vn -0.4528 0.8810 -0.1374
vn -0.8448 -0.4696 -0.2563
vn -0.6088 0.7715 -0.1847
vn -0.7412 -0.6326 -0.2248
vn -0.7412 0.6326 -0.2248
vn -0.6088 -0.7715 -0.1847
vn -0.8448 0.4696 -0.2563
vn -0.4528 -0.8810 -0.1374
vn -0.9161 0.2890 -0.2779
vn -0.2790 -0.9565 -0.0846
vn -0.9524 0.0975 -0.2889
vn -0.6831 0.6326 -0.3651
vn -0.5611 -0.7715 -0.2999
vn -0.7786 0.4696 -0.4162
vn -0.4173 -0.8810 -0.2231
vn -0.8443 0.2890 -0.4513
vn -0.2571 -0.9565 -0.1374
vn -0.8777 0.0975 -0.4691
vn -0.0869 0.9951 -0.0464
vn -0.0869 -0.9951 -0.0464
vn -0.8777 -0.0975 -0.4691
vn -0.2571 0.9565 -0.1374
vn -0.8443 -0.2890 -0.4513
vn -0.4173 0.8810 -0.2231
vn -0.7786 -0.4696 -0.4162
vn -0.5611 0.7715 -0.2999
vn -0.6831 -0.6326 -0.3651
vn -0.7693 -0.0975 -0.6314
vn -0.2254 0.9565 -0.1850
vn -0.7400 -0.2890 -0.6073
vn -0.3658 0.8810 -0.3002
vn -0.6825 -0.4696 -0.5601
vn -0.4918 0.7715 -0.4036
vn -0.5987 -0.6326 -0.4913
vn -0.5987 0.6326 -0.4913
vn -0.4918 -0.7715 -0.4036
vn -0.6825 0.4696 -0.5601
vn -0.3658 -0.8810 -0.3002
vn -0.7400 0.2890 -0.6073
vn -0.2254 -0.9565 -0.1850
vn -0.7693 0.0975 -0.6314
vn -0.0761 0.9951 -0.0625
vn -0.0761 -0.9951 -0.0625
vn -0.4036 -0.7715 -0.4918
vn -0.5601 0.4696 -0.6825
vn -0.3002 -0.8810 -0.3658
vn -0.6073 0.2890 -0.7400
vn -0.1850 -0.9565 -0.2254
vn -0.6314 0.0975 -0.7693
vn -0.0625 0.9951 -0.0761
vn -0.0625 -0.9951 -0.0761
vn -0.6314 -0.0975 -0.7693
vn -0.1850 0.9565 -0.2254
vn -0.6073 -0.2890 -0.7400
vn -0.3002 0.8810 -0.3658
vn -0.5601 -0.4696 -0.6825
vn -0.4036 0.7715 -0.4918
vn -0.4913 -0.6326 -0.5987
vn -0.4913 0.6326 -0.5987
vn -0.4513 -0.2890 -0.8443
vn -0.2230 0.8810 -0.4173
vn -0.4162 -0.4696 -0.7786
vn -0.2999 0.7715 -0.5611
vn -0.3651 -0.6326 -0.6831
vn -0.3651 0.6326 -0.6831
vn -0.2999 -0.7715 -0.5611
vn -0.4162 0.4696 -0.7786
vn -0.2230 -0.8810 -0.4173
vn -0.4513 0.2890 -0.8443
vn -0.1374 -0.9565 -0.2571
vn -0.4691 0.0975 -0.8777
vn -0.0464 0.9951 -0.0869
vn -0.0464 -0.9951 -0.0869
vn -0.4691 -0.0975 -0.8777
vn -0.1374 0.9565 -0.2571
vn -0.1374 -0.8810 -0.4528
vn -0.2779 0.2890 -0.9161
vn -0.0846 -0.9565 -0.2790
vn -0.2889 0.0975 -0.9524
vn -0.0286 0.9951 -0.0942
vn -0.0286 -0.9951 -0.0942
vn -0.2889 -0.0975 -0.9524
vn -0.0846 0.9565 -0.2790
vn -0.2779 -0.2890 -0.9161
vn -0.1374 0.8810 -0.4528
vn -0.2563 -0.4696 -0.8448
vn -0.1847 0.7715 -0.6088
vn -0.2248 -0.6326 -0.7412
vn -0.2248 0.6326 -0.7412
vn -0.1847 -0.7715 -0.6088
vn -0.2563 0.4696 -0.8448
vn -0.0464 0.8810 -0.4709
vn -0.0865 -0.4696 -0.8786
vn -0.0624 0.7715 -0.6332
vn -0.0759 -0.6326 -0.7708
vn -0.0759 0.6326 -0.7708
vn -0.0624 -0.7715 -0.6332
vn -0.0865 0.4696 -0.8786
vn -0.0464 -0.8810 -0.4709
vn -0.0938 0.2890 -0.9527
vn -0.0286 -0.9565 -0.2902
vn -0.0976 0.0975 -0.9904
vn -0.0097 0.9951 -0.0980
vn -0.0097 -0.9951 -0.0980
vn -0.0976 -0.0975 -0.9904
vn -0.0286 0.9565 -0.2902
vn -0.0938 -0.2890 -0.9527
vt 0.750000 0.375000
vt 0.750000 0.437500
vt 0.718750 0.437500
vt 0.718750 0.375000
vt 0.750000 0.812500
vt 0.750000 0.875000
vt 0.718750 0.875000
vt 0.718750 0.812500
vt 0.750000 0.312500
vt 0.718750 0.312500
vt 0.750000 0.750000
vt 0.718750 0.750000
vt 0.750000 0.250000
vt 0.718750 0.250000
vt 0.750000 0.687500
vt 0.718750 0.687500
vt 0.750000 0.187500
vt 0.718750 0.187500
vt 0.750000 0.625000
vt 0.718750 0.625000
vt 0.750000 0.125000
vt 0.718750 0.125000
vt 0.750000 0.562500
vt 0.718750 0.562500
vt 0.750000 0.062500
vt 0.718750 0.062500
vt 0.750000 0.500000
vt 0.718750 0.500000
vt 0.750000 0.937500
vt 0.734375 1.000000
vt 0.718750 0.937500
vt 0.734375 0.000000
vt 0.703125 0.000000
vt 0.687500 0.062500
vt 0.687500 0.500000
vt 0.687500 0.437500
vt 0.687500 0.937500
vt 0.687500 0.875000
vt 0.687500 0.375000
vt 0.687500 0.812500
vt 0.687500 0.312500
vt 0.687500 0.750000
vt 0.687500 0.250000
vt 0.687500 0.687500
vt 0.687500 0.187500
vt 0.687500 0.625000
vt 0.687500 0.125000
vt 0.687500 0.562500
vt 0.703125 1.000000
vt 0.656250 0.250000
vt 0.656250 0.187500
vt 0.656250 0.687500
vt 0.656250 0.625000
vt 0.656250 0.125000
vt 0.656250 0.562500
vt 0.656250 0.062500
vt 0.656250 0.500000
vt 0.671875 1.000000
vt 0.656250 0.937500
vt 0.671875 0.000000
vt 0.656250 0.437500
vt 0.656250 0.875000
vt 0.656250 0.375000
vt 0.656250 0.812500
vt 0.656250 0.312500
vt 0.656250 0.750000
vt 0.625000 0.937500
vt 0.625000 0.875000
vt 0.625000 0.437500
vt 0.625000 0.375000
vt 0.625000 0.812500
vt 0.625000 0.312500
vt 0.625000 0.750000
vt 0.625000 0.250000
vt 0.625000 0.687500
vt 0.625000 0.187500
vt 0.625000 0.625000
vt 0.625000 0.125000
vt 0.625000 0.562500
vt 0.625000 0.062500
vt 0.625000 0.500000
vt 0.640625 1.000000
vt 0.640625 0.000000
vt 0.593750 0.687500
vt 0.593750 0.625000
vt 0.593750 0.187500
vt 0.593750 0.125000
vt 0.593750 0.562500
vt 0.593750 0.062500
vt 0.593750 0.500000
vt 0.609375 1.000000
vt 0.593750 0.937500
vt 0.609375 0.000000
vt 0.593750 0.437500
vt 0.593750 0.875000
vt 0.593750 0.375000
vt 0.593750 0.812500
vt 0.593750 0.312500
vt 0.593750 0.750000
vt 0.593750 0.250000
vt 0.562500 0.437500
vt 0.562500 0.375000
vt 0.562500 0.875000
vt 0.562500 0.812500
vt 0.562500 0.312500
vt 0.562500 0.750000
vt 0.562500 0.250000
vt 0.562500 0.687500
vt 0.562500 0.187500
vt 0.562500 0.625000
vt 0.562500 0.125000
vt 0.562500 0.562500
vt 0.562500 0.062500
vt 0.562500 0.500000
vt 0.578125 1.000000
vt 0.562500 0.937500
vt 0.578125 0.000000
vt 0.531250 0.187500
vt 0.531250 0.125000
vt 0.531250 0.625000
vt 0.531250 0.562500
vt 0.531250 0.062500
vt 0.531250 0.500000
vt 0.546875 1.000000
vt 0.531250 0.937500
vt 0.546875 0.000000
vt 0.531250 0.437500
vt 0.531250 0.875000
vt 0.531250 0.375000
vt 0.531250 0.812500
vt 0.531250 0.312500
vt 0.531250 0.750000
vt 0.531250 0.250000
vt 0.531250 0.687500
vt 0.500000 0.875000
vt 0.500000 0.812500
vt 0.500000 0.375000
vt 0.500000 0.312500
vt 0.500000 0.750000
vt 0.500000 0.250000
vt 0.500000 0.687500
vt 0.500000 0.187500
vt 0.500000 0.625000
vt 0.500000 0.125000
vt 0.500000 0.562500
vt 0.500000 0.062500
vt 0.500000 0.500000
vt 0.515625 1.000000
vt 0.500000 0.937500
vt 0.515625 0.000000
vt 0.500000 0.437500
vt 0.468750 0.625000
vt 0.468750 0.562500
vt 0.468750 0.125000
vt 0.468750 0.062500
vt 0.468750 0.500000
vt 0.484375 1.000000
vt 0.468750 0.937500
vt 0.484375 0.000000
vt 0.468750 0.437500
vt 0.468750 0.875000
vt 0.468750 0.375000
vt 0.468750 0.812500
vt 0.468750 0.312500
vt 0.468750 0.750000
vt 0.468750 0.250000
vt 0.468750 0.687500
vt 0.468750 0.187500
vt 0.437500 0.375000
vt 0.437500 0.312500
vt 0.437500 0.812500
vt 0.437500 0.750000
vt 0.437500 0.250000
vt 0.437500 0.687500
vt 0.437500 0.187500
vt 0.437500 0.625000
vt 0.437500 0.125000
vt 0.437500 0.562500
vt 0.437500 0.062500
vt 0.437500 0.500000
vt 0.453125 1.000000
vt 0.437500 0.937500
vt 0.453125 0.000000
vt 0.437500 0.437500
vt 0.437500 0.875000
vt 0.406250 0.125000
vt 0.406250 0.062500
vt 0.406250 0.562500
vt 0.406250 0.500000
vt 0.421875 1.000000
vt 0.406250 0.937500
vt 0.421875 0.000000
vt 0.406250 0.437500
vt 0.406250 0.875000
vt 0.406250 0.375000
vt 0.406250 0.812500
vt 0.406250 0.312500
vt 0.406250 0.750000
vt 0.406250 0.250000
vt 0.406250 0.687500
vt 0.406250 0.187500
vt 0.406250 0.625000
vt 0.375000 0.312500
vt 0.375000 0.250000
vt 0.375000 0.750000
vt 0.375000 0.687500
vt 0.375000 0.187500
vt 0.375000 0.625000
vt 0.375000 0.125000
vt 0.375000 0.562500
vt 0.375000 0.062500
vt 0.375000 0.500000
vt 0.390625 1.000000
vt 0.375000 0.937500
vt 0.390625 0.000000
vt 0.375000 0.437500
vt 0.375000 0.875000
vt 0.375000 0.375000
vt 0.375000 0.812500
vt 0.359375 1.000000
vt 0.343750 0.937500
vt 0.359375 0.000000
vt 0.343750 0.062500
vt 0.343750 0.500000
vt 0.343750 0.437500
vt 0.343750 0.875000
vt 0.343750 0.375000
vt 0.343750 0.812500
vt 0.343750 0.312500
vt 0.343750 0.750000
vt 0.343750 0.250000
vt 0.343750 0.687500
vt 0.343750 0.187500
vt 0.343750 0.625000
vt 0.343750 0.125000
vt 0.343750 0.562500
vt 0.312500 0.750000
vt 0.312500 0.687500
vt 0.312500 0.250000
vt 0.312500 0.187500
vt 0.312500 0.625000
vt 0.312500 0.125000
vt 0.312500 0.562500
vt 0.312500 0.062500
vt 0.312500 0.500000
vt 0.328125 1.000000
vt 0.312500 0.937500
vt 0.328125 0.000000
vt 0.312500 0.437500
vt 0.312500 0.875000
vt 0.312500 0.375000
vt 0.312500 0.812500
vt 0.312500 0.312500
vt 0.281250 0.500000
vt 0.281250 0.437500
vt 0.281250 0.937500
vt 0.281250 0.875000
vt 0.281250 0.375000
vt 0.281250 0.812500
vt 0.281250 0.312500
vt 0.281250 0.750000
vt 0.281250 0.250000
vt 0.281250 0.687500
vt 0.281250 0.187500
vt 0.281250 0.625000
vt 0.281250 0.125000
vt 0.281250 0.562500
vt 0.281250 0.062500
vt 0.296875 1.000000
vt 0.296875 0.000000
vt 0.250000 0.250000
vt 0.250000 0.187500
vt 0.250000 0.687500
vt 0.250000 0.625000
vt 0.250000 0.125000
vt 0.250000 0.562500
vt 0.250000 0.062500
vt 0.250000 0.500000
vt 0.265625 1.000000
vt 0.250000 0.937500
vt 0.265625 0.000000
vt 0.250000 0.437500
vt 0.250000 0.875000
vt 0.250000 0.375000
vt 0.250000 0.812500
vt 0.250000 0.312500
vt 0.250000 0.750000
vt 0.218750 0.937500
vt 0.218750 0.875000
vt 0.218750 0.437500
vt 0.218750 0.375000
vt 0.218750 0.812500
vt 0.218750 0.312500
vt 0.218750 0.750000
vt 0.218750 0.250000
vt 0.218750 0.687500
vt 0.218750 0.187500
vt 0.218750 0.625000
vt 0.218750 0.125000
vt 0.218750 0.562500
vt 0.218750 0.062500
vt 0.218750 0.500000
vt 0.234375 1.000000
vt 0.234375 0.000000
vt 0.187500 0.687500
vt 0.187500 0.625000
vt 0.187500 0.187500
vt 0.187500 0.125000
vt 0.187500 0.562500
vt 0.187500 0.062500
vt 0.187500 0.500000
vt 0.203125 1.000000
vt 0.187500 0.937500
vt 0.203125 0.000000
vt 0.187500 0.437500
vt 0.187500 0.875000
vt 0.187500 0.375000
vt 0.187500 0.812500
vt 0.187500 0.312500
vt 0.187500 0.750000
vt 0.187500 0.250000
vt 0.156250 0.437500
vt 0.156250 0.375000
vt 0.156250 0.875000
vt 0.156250 0.812500
vt 0.156250 0.312500
vt 0.156250 0.750000
vt 0.156250 0.250000
vt 0.156250 0.687500
vt 0.156250 0.187500
vt 0.156250 0.625000
vt 0.156250 0.125000
vt 0.156250 0.562500
vt 0.156250 0.062500
vt 0.156250 0.500000
vt 0.171875 1.000000
vt 0.156250 0.937500
vt 0.171875 0.000000
vt 0.125000 0.187500
vt 0.125000 0.125000
vt 0.125000 0.625000
vt 0.125000 0.562500
vt 0.125000 0.062500
vt 0.125000 0.500000
vt 0.140625 1.000000
vt 0.125000 0.937500
vt 0.140625 0.000000
vt 0.125000 0.437500
vt 0.125000 0.875000
vt 0.125000 0.375000
vt 0.125000 0.812500
vt 0.125000 0.312500
vt 0.125000 0.750000
vt 0.125000 0.250000
vt 0.125000 0.687500
vt 0.093750 0.375000
vt 0.093750 0.312500
vt 0.093750 0.812500
vt 0.093750 0.750000
vt 0.093750 0.250000
vt 0.093750 0.687500
vt 0.093750 0.187500
vt 0.093750 0.625000
vt 0.093750 0.125000
vt 0.093750 0.562500
vt 0.093750 0.062500
vt 0.093750 0.500000
vt 0.109375 1.000000
vt 0.093750 0.937500
vt 0.109375 0.000000
vt 0.093750 0.437500
vt 0.093750 0.875000
vt 0.062500 0.125000
vt 0.062500 0.062500
vt 0.062500 0.562500
vt 0.062500 0.500000
vt 0.078125 1.000000
vt 0.062500 0.937500
vt 0.078125 0.000000
vt 0.062500 0.437500
vt 0.062500 0.875000
vt 0.062500 0.375000
vt 0.062500 0.812500
vt 0.062500 0.312500
vt 0.062500 0.750000
vt 0.062500 0.250000
vt 0.062500 0.687500
vt 0.062500 0.187500
vt 0.062500 0.625000
vt 0.031250 0.812500
vt 0.031250 0.750000
vt 0.031250 0.312500
vt 0.031250 0.250000
vt 0.031250 0.687500
vt 0.031250 0.187500
vt 0.031250 0.625000
vt 0.031250 0.125000
vt 0.031250 0.562500
vt 0.031250 0.062500
vt 0.031250 0.500000
vt 0.046875 1.000000
vt 0.031250 0.937500
vt 0.046875 0.000000
vt 0.031250 0.437500
vt 0.031250 0.875000
vt 0.031250 0.375000
vt 0.000000 0.562500
vt 0.000000 0.500000
vt 0.015625 1.000000
vt 0.000000 0.937500
vt 0.015625 0.000000
vt 0.000000 0.062500
vt 0.000000 0.437500
vt 0.000000 0.875000
vt 0.000000 0.375000
vt 0.000000 0.812500
vt 0.000000 0.312500
vt 0.000000 0.750000
vt 0.000000 0.250000
vt 0.000000 0.687500
vt 0.000000 0.187500
vt 0.000000 0.625000
vt 0.000000 0.125000
vt 1.000000 0.250000
vt 1.000000 0.312500
vt 0.968750 0.312500
vt 0.968750 0.250000
vt 1.000000 0.687500
vt 1.000000 0.750000
vt 0.968750 0.750000
vt 0.968750 0.687500
vt 1.000000 0.187500
vt 0.968750 0.187500
vt 1.000000 0.625000
vt 0.968750 0.625000
vt 1.000000 0.125000
vt 0.968750 0.125000
vt 1.000000 0.562500
vt 0.968750 0.562500
vt 1.000000 0.062500
vt 0.968750 0.062500
vt 1.000000 0.500000
vt 0.968750 0.500000
vt 1.000000 0.937500
vt 0.984375 1.000000
vt 0.968750 0.937500
vt 0.984375 0.000000
vt 1.000000 0.437500
vt 0.968750 0.437500
vt 1.000000 0.875000
vt 0.968750 0.875000
vt 1.000000 0.375000
vt 0.968750 0.375000
vt 1.000000 0.812500
vt 0.968750 0.812500
vt 0.953125 1.000000
vt 0.937500 0.937500
vt 0.953125 0.000000
vt 0.937500 0.062500
vt 0.937500 0.500000
vt 0.937500 0.437500
vt 0.937500 0.875000
vt 0.937500 0.375000
vt 0.937500 0.812500
vt 0.937500 0.312500
vt 0.937500 0.750000
vt 0.937500 0.250000
vt 0.937500 0.687500
vt 0.937500 0.187500
vt 0.937500 0.625000
vt 0.937500 0.125000
vt 0.937500 0.562500
vt 0.906250 0.750000
vt 0.906250 0.687500
vt 0.906250 0.250000
vt 0.906250 0.187500
vt 0.906250 0.625000
vt 0.906250 0.125000
vt 0.906250 0.562500
vt 0.906250 0.062500
vt 0.906250 0.500000
vt 0.921875 1.000000
vt 0.906250 0.937500
vt 0.921875 0.000000
vt 0.906250 0.437500
vt 0.906250 0.875000
vt 0.906250 0.375000
vt 0.906250 0.812500
vt 0.906250 0.312500
vt 0.875000 0.500000
vt 0.875000 0.437500
vt 0.875000 0.937500
vt 0.875000 0.875000
vt 0.875000 0.375000
vt 0.875000 0.812500
vt 0.875000 0.312500
vt 0.875000 0.750000
vt 0.875000 0.250000
vt 0.875000 0.687500
vt 0.875000 0.187500
vt 0.875000 0.625000
vt 0.875000 0.125000
vt 0.875000 0.562500
vt 0.875000 0.062500
vt 0.890625 1.000000
vt 0.890625 0.000000
vt 0.843750 0.250000
vt 0.843750 0.187500
vt 0.843750 0.687500
vt 0.843750 0.625000
vt 0.843750 0.125000
vt 0.843750 0.562500
vt 0.843750 0.062500
vt 0.843750 0.500000
vt 0.859375 1.000000
vt 0.843750 0.937500
vt 0.859375 0.000000
vt 0.843750 0.437500
vt 0.843750 0.875000
vt 0.843750 0.375000
vt 0.843750 0.812500
vt 0.843750 0.312500
vt 0.843750 0.750000
vt 0.812500 0.437500
vt 0.812500 0.375000
vt 0.812500 0.875000
vt 0.812500 0.812500
vt 0.812500 0.312500
vt 0.812500 0.750000
vt 0.812500 0.250000
vt 0.812500 0.687500
vt 0.812500 0.187500
vt 0.812500 0.625000
vt 0.812500 0.125000
vt 0.812500 0.562500
vt 0.812500 0.062500
vt 0.812500 0.500000
vt 0.828125 1.000000
vt 0.812500 0.937500
vt 0.828125 0.000000
vt 0.781250 0.187500
vt 0.781250 0.125000
vt 0.781250 0.625000
vt 0.781250 0.562500
vt 0.781250 0.062500
vt 0.781250 0.500000
vt 0.796875 1.000000
vt 0.781250 0.937500
vt 0.796875 0.000000
vt 0.781250 0.437500
vt 0.781250 0.875000
vt 0.781250 0.375000
vt 0.781250 0.812500
vt 0.781250 0.312500
vt 0.781250 0.750000
vt 0.781250 0.250000
vt 0.781250 0.687500
vt 0.765625 1.000000
vt 0.765625 0.000000
s 0
f 1924/1678/1537 1451/1679/1537 1461/1680/1537 1462/1681/1537
f 1447/1682/1538 1921/1683/1538 1454/1684/1538 1455/1685/1538
f 1452/1686/1539 1924/1678/1539 1462/1681/1539 1463/1687/1539
f 1922/1688/1540 1447/1682/1540 1455/1685/1540 1456/1689/1540
f 1925/1690/1541 1452/1686/1541 1463/1687/1541 1464/1691/1541
f 1448/1692/1542 1922/1688/1542 1456/1689/1542 1457/1693/1542
f 1926/1694/1543 1925/1690/1543 1464/1691/1543 1465/1695/1543
f 1923/1696/1544 1448/1692/1544 1457/1693/1544 1458/1697/1544
f 1927/1698/1545 1926/1694/1545 1465/1695/1545 1466/1699/1545
f 1449/1700/1546 1923/1696/1546 1458/1697/1546 1459/1701/1546
f 1928/1702/1547 1927/1698/1547 1466/1699/1547 1467/1703/1547
f 1450/1704/1548 1449/1700/1548 1459/1701/1548 1460/1705/1548
f 1920/1706/1549 1528/1707/1549 1453/1708/1549
f 1754/1709/1550 1928/1702/1550 1467/1703/1550
f 1451/1679/1551 1450/1704/1551 1460/1705/1551 1461/1680/1551
f 1921/1683/1552 1920/1706/1552 1453/1708/1552 1454/1684/1552
f 1754/1710/1553 1467/1703/1553 1482/1711/1553
f 1461/1680/1554 1460/1705/1554 1475/1712/1554 1476/1713/1554
f 1454/1684/1555 1453/1708/1555 1468/1714/1555 1469/1715/1555
f 1462/1681/1556 1461/1680/1556 1476/1713/1556 1477/1716/1556
f 1455/1685/1557 1454/1684/1557 1469/1715/1557 1470/1717/1557
f 1463/1687/1558 1462/1681/1558 1477/1716/1558 1478/1718/1558
f 1456/1689/1559 1455/1685/1559 1470/1717/1559 1471/1719/1559
f 1464/1691/1560 1463/1687/1560 1478/1718/1560 1479/1720/1560
f 1457/1693/1561 1456/1689/1561 1471/1719/1561 1472/1721/1561
f 1465/1695/1562 1464/1691/1562 1479/1720/1562 1480/1722/1562
f 1458/1697/1563 1457/1693/1563 1472/1721/1563 1473/1723/1563
f 1466/1699/1564 1465/1695/1564 1480/1722/1564 1481/1724/1564
f 1459/1701/1565 1458/1697/1565 1473/1723/1565 1474/1725/1565
f 1467/1703/1566 1466/1699/1566 1481/1724/1566 1482/1711/1566
f 1460/1705/1567 1459/1701/1567 1474/1725/1567 1475/1712/1567
f 1453/1708/1568 1528/1726/1568 1468/1714/1568
f 1480/1722/1569 1479/1720/1569 1494/1727/1569 1495/1728/1569
f 1473/1723/1570 1472/1721/1570 1487/1729/1570 1488/1730/1570
f 1481/1724/1571 1480/1722/1571 1495/1728/1571 1496/1731/1571
f 1474/1725/1572 1473/1723/1572 1488/1730/1572 1489/1732/1572
f 1482/1711/1573 1481/1724/1573 1496/1731/1573 1497/1733/1573
f 1475/1712/1574 1474/1725/1574 1489/1732/1574 1490/1734/1574
f 1468/1714/1575 1528/1735/1575 1483/1736/1575
f 1754/1737/1576 1482/1711/1576 1497/1733/1576
f 1476/1713/1577 1475/1712/1577 1490/1734/1577 1491/1738/1577
f 1469/1715/1578 1468/1714/1578 1483/1736/1578 1484/1739/1578
f 1477/1716/1579 1476/1713/1579 1491/1738/1579 1492/1740/1579
f 1470/1717/1580 1469/1715/1580 1484/1739/1580 1485/1741/1580
f 1478/1718/1581 1477/1716/1581 1492/1740/1581 1493/1742/1581
f 1471/1719/1582 1470/1717/1582 1485/1741/1582 1486/1743/1582
f 1479/1720/1583 1478/1718/1583 1493/1742/1583 1494/1727/1583
f 1472/1721/1584 1471/1719/1584 1486/1743/1584 1487/1729/1584
f 1484/1739/1585 1483/1736/1585 1498/1744/1585 1499/1745/1585
f 1492/1740/1586 1491/1738/1586 1506/1746/1586 1507/1747/1586
f 1485/1741/1587 1484/1739/1587 1499/1745/1587 1500/1748/1587
f 1493/1742/1588 1492/1740/1588 1507/1747/1588 1508/1749/1588
f 1486/1743/1589 1485/1741/1589 1500/1748/1589 1501/1750/1589
f 1494/1727/1590 1493/1742/1590 1508/1749/1590 1509/1751/1590
f 1487/1729/1591 1486/1743/1591 1501/1750/1591 1502/1752/1591
f 1495/1728/1592 1494/1727/1592 1509/1751/1592 1510/1753/1592
f 1488/1730/1593 1487/1729/1593 1502/1752/1593 1503/1754/1593
f 1496/1731/1594 1495/1728/1594 1510/1753/1594 1511/1755/1594
f 1489/1732/1595 1488/1730/1595 1503/1754/1595 1504/1756/1595
f 1497/1733/1596 1496/1731/1596 1511/1755/1596 1512/1757/1596
f 1490/1734/1597 1489/1732/1597 1504/1756/1597 1505/1758/1597
f 1483/1736/1598 1528/1759/1598 1498/1744/1598
f 1754/1760/1599 1497/1733/1599 1512/1757/1599
f 1491/1738/1600 1490/1734/1600 1505/1758/1600 1506/1746/1600
f 1503/1754/1601 1502/1752/1601 1517/1761/1601 1518/1762/1601
f 1511/1755/1602 1510/1753/1602 1525/1763/1602 1526/1764/1602
f 1504/1756/1603 1503/1754/1603 1518/1762/1603 1519/1765/1603
f 1512/1757/1604 1511/1755/1604 1526/1764/1604 1527/1766/1604
f 1505/1758/1605 1504/1756/1605 1519/1765/1605 1520/1767/1605
f 1498/1744/1606 1528/1768/1606 1513/1769/1606
f 1754/1770/1607 1512/1757/1607 1527/1766/1607
f 1506/1746/1608 1505/1758/1608 1520/1767/1608 1521/1771/1608
f 1499/1745/1609 1498/1744/1609 1513/1769/1609 1514/1772/1609
f 1507/1747/1610 1506/1746/1610 1521/1771/1610 1522/1773/1610
f 1500/1748/1611 1499/1745/1611 1514/1772/1611 1515/1774/1611
f 1508/1749/1612 1507/1747/1612 1522/1773/1612 1523/1775/1612
f 1501/1750/1613 1500/1748/1613 1515/1774/1613 1516/1776/1613
f 1509/1751/1614 1508/1749/1614 1523/1775/1614 1524/1777/1614
f 1502/1752/1615 1501/1750/1615 1516/1776/1615 1517/1761/1615
f 1510/1753/1616 1509/1751/1616 1524/1777/1616 1525/1763/1616
f 1522/1773/1617 1521/1771/1617 1537/1778/1617 1538/1779/1617
f 1515/1774/1618 1514/1772/1618 1530/1780/1618 1531/1781/1618
f 1523/1775/1619 1522/1773/1619 1538/1779/1619 1539/1782/1619
f 1516/1776/1620 1515/1774/1620 1531/1781/1620 1532/1783/1620
f 1524/1777/1621 1523/1775/1621 1539/1782/1621 1540/1784/1621
f 1517/1761/1622 1516/1776/1622 1532/1783/1622 1533/1785/1622
f 1525/1763/1623 1524/1777/1623 1540/1784/1623 1541/1786/1623
f 1518/1762/1624 1517/1761/1624 1533/1785/1624 1534/1787/1624
f 1526/1764/1625 1525/1763/1625 1541/1786/1625 1542/1788/1625
f 1519/1765/1626 1518/1762/1626 1534/1787/1626 1535/1789/1626
f 1527/1766/1627 1526/1764/1627 1542/1788/1627 1543/1790/1627
f 1520/1767/1628 1519/1765/1628 1535/1789/1628 1536/1791/1628
f 1513/1769/1629 1528/1792/1629 1529/1793/1629
f 1754/1794/1630 1527/1766/1630 1543/1790/1630
f 1521/1771/1631 1520/1767/1631 1536/1791/1631 1537/1778/1631
f 1514/1772/1632 1513/1769/1632 1529/1793/1632 1530/1780/1632
f 1542/1788/1633 1541/1786/1633 1556/1795/1633 1557/1796/1633
f 1535/1789/1634 1534/1787/1634 1549/1797/1634 1550/1798/1634
f 1543/1790/1635 1542/1788/1635 1557/1796/1635 1558/1799/1635
f 1536/1791/1636 1535/1789/1636 1550/1798/1636 1551/1800/1636
f 1529/1793/1637 1528/1801/1637 1544/1802/1637
f 1754/1803/1638 1543/1790/1638 1558/1799/1638
f 1537/1778/1639 1536/1791/1639 1551/1800/1639 1552/1804/1639
f 1530/1780/1640 1529/1793/1640 1544/1802/1640 1545/1805/1640
f 1538/1779/1641 1537/1778/1641 1552/1804/1641 1553/1806/1641
f 1531/1781/1642 1530/1780/1642 1545/1805/1642 1546/1807/1642
f 1539/1782/1643 1538/1779/1643 1553/1806/1643 1554/1808/1643
f 1532/1783/1644 1531/1781/1644 1546/1807/1644 1547/1809/1644
f 1540/1784/1645 1539/1782/1645 1554/1808/1645 1555/1810/1645
f 1533/1785/1646 1532/1783/1646 1547/1809/1646 1548/1811/1646
f 1541/1786/1647 1540/1784/1647 1555/1810/1647 1556/1795/1647
f 1534/1787/1648 1533/1785/1648 1548/1811/1648 1549/1797/1648
f 1546/1807/1649 1545/1805/1649 1560/1812/1649 1561/1813/1649
f 1554/1808/1650 1553/1806/1650 1568/1814/1650 1569/1815/1650
f 1547/1809/1651 1546/1807/1651 1561/1813/1651 1562/1816/1651
f 1555/1810/1652 1554/1808/1652 1569/1815/1652 1570/1817/1652
f 1548/1811/1653 1547/1809/1653 1562/1816/1653 1563/1818/1653
f 1556/1795/1654 1555/1810/1654 1570/1817/1654 1571/1819/1654
f 1549/1797/1655 1548/1811/1655 1563/1818/1655 1564/1820/1655
f 1557/1796/1656 1556/1795/1656 1571/1819/1656 1572/1821/1656
f 1550/1798/1657 1549/1797/1657 1564/1820/1657 1565/1822/1657
f 1558/1799/1658 1557/1796/1658 1572/1821/1658 1573/1823/1658
f 1551/1800/1659 1550/1798/1659 1565/1822/1659 1566/1824/1659
f 1544/1802/1660 1528/1825/1660 1559/1826/1660
f 1754/1827/1661 1558/1799/1661 1573/1823/1661
f 1552/1804/1662 1551/1800/1662 1566/1824/1662 1567/1828/1662
f 1545/1805/1663 1544/1802/1663 1559/1826/1663 1560/1812/1663
f 1553/1806/1664 1552/1804/1664 1567/1828/1664 1568/1814/1664
f 1565/1822/1665 1564/1820/1665 1579/1829/1665 1580/1830/1665
f 1573/1823/1666 1572/1821/1666 1587/1831/1666 1588/1832/1666
f 1566/1824/1667 1565/1822/1667 1580/1830/1667 1581/1833/1667
f 1559/1826/1668 1528/1834/1668 1574/1835/1668
f 1754/1836/1669 1573/1823/1669 1588/1832/1669
f 1567/1828/1670 1566/1824/1670 1581/1833/1670 1582/1837/1670
f 1560/1812/1671 1559/1826/1671 1574/1835/1671 1575/1838/1671
f 1568/1814/1672 1567/1828/1672 1582/1837/1672 1583/1839/1672
f 1561/1813/1673 1560/1812/1673 1575/1838/1673 1576/1840/1673
f 1569/1815/1674 1568/1814/1674 1583/1839/1674 1584/1841/1674
f 1562/1816/1675 1561/1813/1675 1576/1840/1675 1577/1842/1675
f 1570/1817/1676 1569/1815/1676 1584/1841/1676 1585/1843/1676
f 1563/1818/1677 1562/1816/1677 1577/1842/1677 1578/1844/1677
f 1571/1819/1678 1570/1817/1678 1585/1843/1678 1586/1845/1678
f 1564/1820/1679 1563/1818/1679 1578/1844/1679 1579/1829/1679
f 1572/1821/1680 1571/1819/1680 1586/1845/1680 1587/1831/1680
f 1584/1841/1681 1583/1839/1681 1598/1846/1681 1599/1847/1681
f 1577/1842/1682 1576/1840/1682 1591/1848/1682 1592/1849/1682
f 1585/1843/1683 1584/1841/1683 1599/1847/1683 1600/1850/1683
f 1578/1844/1684 1577/1842/1684 1592/1849/1684 1593/1851/1684
f 1586/1845/1685 1585/1843/1685 1600/1850/1685 1601/1852/1685
f 1579/1829/1686 1578/1844/1686 1593/1851/1686 1594/1853/1686
f 1587/1831/1687 1586/1845/1687 1601/1852/1687 1602/1854/1687
f 1580/1830/1688 1579/1829/1688 1594/1853/1688 1595/1855/1688
f 1588/1832/1689 1587/1831/1689 1602/1854/1689 1603/1856/1689
f 1581/1833/1690 1580/1830/1690 1595/1855/1690 1596/1857/1690
f 1574/1835/1691 1528/1858/1691 1589/1859/1691
f 1754/1860/1692 1588/1832/1692 1603/1856/1692
f 1582/1837/1693 1581/1833/1693 1596/1857/1693 1597/1861/1693
f 1575/1838/1694 1574/1835/1694 1589/1859/1694 1590/1862/1694
f 1583/1839/1695 1582/1837/1695 1597/1861/1695 1598/1846/1695
f 1576/1840/1696 1575/1838/1696 1590/1862/1696 1591/1848/1696
f 1603/1856/1697 1602/1854/1697 1617/1863/1697 1618/1864/1697
f 1596/1857/1698 1595/1855/1698 1610/1865/1698 1611/1866/1698
f 1589/1859/1699 1528/1867/1699 1604/1868/1699
f 1754/1869/1700 1603/1856/1700 1618/1864/1700
f 1597/1861/1701 1596/1857/1701 1611/1866/1701 1612/1870/1701
f 1590/1862/1702 1589/1859/1702 1604/1868/1702 1605/1871/1702
f 1598/1846/1703 1597/1861/1703 1612/1870/1703 1613/1872/1703
f 1591/1848/1704 1590/1862/1704 1605/1871/1704 1606/1873/1704
f 1599/1847/1705 1598/1846/1705 1613/1872/1705 1614/1874/1705
f 1592/1849/1706 1591/1848/1706 1606/1873/1706 1607/1875/1706
f 1600/1850/1707 1599/1847/1707 1614/1874/1707 1615/1876/1707
f 1593/1851/1708 1592/1849/1708 1607/1875/1708 1608/1877/1708
f 1601/1852/1709 1600/1850/1709 1615/1876/1709 1616/1878/1709
f 1594/1853/1710 1593/1851/1710 1608/1877/1710 1609/1879/1710
f 1602/1854/1711 1601/1852/1711 1616/1878/1711 1617/1863/1711
f 1595/1855/1712 1594/1853/1712 1609/1879/1712 1610/1865/1712
f 1615/1876/1713 1614/1874/1713 1629/1880/1713 1630/1881/1713
f 1608/1877/1714 1607/1875/1714 1622/1882/1714 1623/1883/1714
f 1616/1878/1715 1615/1876/1715 1630/1881/1715 1631/1884/1715
f 1609/1879/1716 1608/1877/1716 1623/1883/1716 1624/1885/1716
f 1617/1863/1717 1616/1878/1717 1631/1884/1717 1632/1886/1717
f 1610/1865/1718 1609/1879/1718 1624/1885/1718 1625/1887/1718
f 1618/1864/1719 1617/1863/1719 1632/1886/1719 1633/1888/1719
f 1611/1866/1720 1610/1865/1720 1625/1887/1720 1626/1889/1720
f 1604/1868/1721 1528/1890/1721 1619/1891/1721
f 1754/1892/1722 1618/1864/1722 1633/1888/1722
f 1612/1870/1723 1611/1866/1723 1626/1889/1723 1627/1893/1723
f 1605/1871/1724 1604/1868/1724 1619/1891/1724 1620/1894/1724
f 1613/1872/1725 1612/1870/1725 1627/1893/1725 1628/1895/1725
f 1606/1873/1726 1605/1871/1726 1620/1894/1726 1621/1896/1726
f 1614/1874/1727 1613/1872/1727 1628/1895/1727 1629/1880/1727
f 1607/1875/1728 1606/1873/1728 1621/1896/1728 1622/1882/1728
f 1619/1891/1729 1528/1897/1729 1634/1898/1729
f 1754/1899/1730 1633/1888/1730 1648/1900/1730
f 1627/1893/1731 1626/1889/1731 1641/1901/1731 1642/1902/1731
f 1620/1894/1732 1619/1891/1732 1634/1898/1732 1635/1903/1732
f 1628/1895/1733 1627/1893/1733 1642/1902/1733 1643/1904/1733
f 1621/1896/1734 1620/1894/1734 1635/1903/1734 1636/1905/1734
f 1629/1880/1735 1628/1895/1735 1643/1904/1735 1644/1906/1735
f 1622/1882/1736 1621/1896/1736 1636/1905/1736 1637/1907/1736
f 1630/1881/1737 1629/1880/1737 1644/1906/1737 1645/1908/1737
f 1623/1883/1738 1622/1882/1738 1637/1907/1738 1638/1909/1738
f 1631/1884/1739 1630/1881/1739 1645/1908/1739 1646/1910/1739
f 1624/1885/1740 1623/1883/1740 1638/1909/1740 1639/1911/1740
f 1632/1886/1741 1631/1884/1741 1646/1910/1741 1647/1912/1741
f 1625/1887/1742 1624/1885/1742 1639/1911/1742 1640/1913/1742
f 1633/1888/1743 1632/1886/1743 1647/1912/1743 1648/1900/1743
f 1626/1889/1744 1625/1887/1744 1640/1913/1744 1641/1901/1744
f 1638/1909/1745 1637/1907/1745 1652/1914/1745 1653/1915/1745
f 1646/1910/1746 1645/1908/1746 1660/1916/1746 1661/1917/1746
f 1639/1911/1747 1638/1909/1747 1653/1915/1747 1654/1918/1747
f 1647/1912/1748 1646/1910/1748 1661/1917/1748 1662/1919/1748
f 1640/1913/1749 1639/1911/1749 1654/1918/1749 1655/1920/1749
f 1648/1900/1750 1647/1912/1750 1662/1919/1750 1663/1921/1750
f 1641/1901/1751 1640/1913/1751 1655/1920/1751 1656/1922/1751
f 1634/1898/1752 1528/1923/1752 1649/1924/1752
f 1754/1925/1753 1648/1900/1753 1663/1921/1753
f 1642/1902/1754 1641/1901/1754 1656/1922/1754 1657/1926/1754
f 1635/1903/1755 1634/1898/1755 1649/1924/1755 1650/1927/1755
f 1643/1904/1756 1642/1902/1756 1657/1926/1756 1658/1928/1756
f 1636/1905/1757 1635/1903/1757 1650/1927/1757 1651/1929/1757
f 1644/1906/1758 1643/1904/1758 1658/1928/1758 1659/1930/1758
f 1637/1907/1759 1636/1905/1759 1651/1929/1759 1652/1914/1759
f 1645/1908/1760 1644/1906/1760 1659/1930/1760 1660/1916/1760
f 1657/1926/1761 1656/1922/1761 1671/1931/1761 1672/1932/1761
f 1650/1927/1762 1649/1924/1762 1664/1933/1762 1665/1934/1762
f 1658/1928/1763 1657/1926/1763 1672/1932/1763 1673/1935/1763
f 1651/1929/1764 1650/1927/1764 1665/1934/1764 1666/1936/1764
f 1659/1930/1765 1658/1928/1765 1673/1935/1765 1674/1937/1765
f 1652/1914/1766 1651/1929/1766 1666/1936/1766 1667/1938/1766
f 1660/1916/1767 1659/1930/1767 1674/1937/1767 1675/1939/1767
f 1653/1915/1768 1652/1914/1768 1667/1938/1768 1668/1940/1768
f 1661/1917/1769 1660/1916/1769 1675/1939/1769 1676/1941/1769
f 1654/1918/1770 1653/1915/1770 1668/1940/1770 1669/1942/1770
f 1662/1919/1771 1661/1917/1771 1676/1941/1771 1677/1943/1771
f 1655/1920/1772 1654/1918/1772 1669/1942/1772 1670/1944/1772
f 1663/1921/1773 1662/1919/1773 1677/1943/1773 1678/1945/1773
f 1656/1922/1774 1655/1920/1774 1670/1944/1774 1671/1931/1774
f 1649/1924/1775 1528/1946/1775 1664/1933/1775
f 1754/1947/1776 1663/1921/1776 1678/1945/1776
f 1676/1941/1777 1675/1939/1777 1690/1948/1777 1691/1949/1777
f 1669/1942/1778 1668/1940/1778 1683/1950/1778 1684/1951/1778
f 1677/1943/1779 1676/1941/1779 1691/1949/1779 1692/1952/1779
f 1670/1944/1780 1669/1942/1780 1684/1951/1780 1685/1953/1780
f 1678/1945/1781 1677/1943/1781 1692/1952/1781 1693/1954/1781
f 1671/1931/1782 1670/1944/1782 1685/1953/1782 1686/1955/1782
f 1664/1933/1783 1528/1956/1783 1679/1957/1783
f 1754/1958/1784 1678/1945/1784 1693/1954/1784
f 1672/1932/1785 1671/1931/1785 1686/1955/1785 1687/1959/1785
f 1665/1934/1786 1664/1933/1786 1679/1957/1786 1680/1960/1786
f 1673/1935/1787 1672/1932/1787 1687/1959/1787 1688/1961/1787
f 1666/1936/1788 1665/1934/1788 1680/1960/1788 1681/1962/1788
f 1674/1937/1789 1673/1935/1789 1688/1961/1789 1689/1963/1789
f 1667/1938/1790 1666/1936/1790 1681/1962/1790 1682/1964/1790
f 1675/1939/1791 1674/1937/1791 1689/1963/1791 1690/1948/1791
f 1668/1940/1792 1667/1938/1792 1682/1964/1792 1683/1950/1792
f 1680/1960/1793 1679/1957/1793 1694/1965/1793 1695/1966/1793
f 1688/1961/1794 1687/1959/1794 1702/1967/1794 1703/1968/1794
f 1681/1962/1795 1680/1960/1795 1695/1966/1795 1696/1969/1795
f 1689/1963/1796 1688/1961/1796 1703/1968/1796 1704/1970/1796
f 1682/1964/1797 1681/1962/1797 1696/1969/1797 1697/1971/1797
f 1690/1948/1798 1689/1963/1798 1704/1970/1798 1705/1972/1798
f 1683/1950/1799 1682/1964/1799 1697/1971/1799 1698/1973/1799
f 1691/1949/1800 1690/1948/1800 1705/1972/1800 1706/1974/1800
f 1684/1951/1801 1683/1950/1801 1698/1973/1801 1699/1975/1801
f 1692/1952/1802 1691/1949/1802 1706/1974/1802 1707/1976/1802
f 1685/1953/1803 1684/1951/1803 1699/1975/1803 1700/1977/1803
f 1693/1954/1804 1692/1952/1804 1707/1976/1804 1708/1978/1804
f 1686/1955/1805 1685/1953/1805 1700/1977/1805 1701/1979/1805
f 1679/1957/1806 1528/1980/1806 1694/1965/1806
f 1754/1981/1807 1693/1954/1807 1708/1978/1807
f 1687/1959/1808 1686/1955/1808 1701/1979/1808 1702/1967/1808
f 1699/1975/1809 1698/1973/1809 1713/1982/1809 1714/1983/1809
f 1707/1976/1810 1706/1974/1810 1721/1984/1810 1722/1985/1810
f 1700/1977/1811 1699/1975/1811 1714/1983/1811 1715/1986/1811
f 1708/1978/1812 1707/1976/1812 1722/1985/1812 1723/1987/1812
f 1701/1979/1813 1700/1977/1813 1715/1986/1813 1716/1988/1813
f 1694/1965/1814 1528/1989/1814 1709/1990/1814
f 1754/1991/1815 1708/1978/1815 1723/1987/1815
f 1702/1967/1816 1701/1979/1816 1716/1988/1816 1717/1992/1816
f 1695/1966/1817 1694/1965/1817 1709/1990/1817 1710/1993/1817
f 1703/1968/1818 1702/1967/1818 1717/1992/1818 1718/1994/1818
f 1696/1969/1819 1695/1966/1819 1710/1993/1819 1711/1995/1819
f 1704/1970/1820 1703/1968/1820 1718/1994/1820 1719/1996/1820
f 1697/1971/1821 1696/1969/1821 1711/1995/1821 1712/1997/1821
f 1705/1972/1822 1704/1970/1822 1719/1996/1822 1720/1998/1822
f 1698/1973/1823 1697/1971/1823 1712/1997/1823 1713/1982/1823
f 1706/1974/1824 1705/1972/1824 1720/1998/1824 1721/1984/1824
f 1718/1994/1825 1717/1992/1825 1732/1999/1825 1733/2000/1825
f 1711/1995/1826 1710/1993/1826 1725/2001/1826 1726/2002/1826
f 1719/1996/1827 1718/1994/1827 1733/2000/1827 1734/2003/1827
f 1712/1997/1828 1711/1995/1828 1726/2002/1828 1727/2004/1828
f 1720/1998/1829 1719/1996/1829 1734/2003/1829 1735/2005/1829
f 1713/1982/1830 1712/1997/1830 1727/2004/1830 1728/2006/1830
f 1721/1984/1831 1720/1998/1831 1735/2005/1831 1736/2007/1831
f 1714/1983/1832 1713/1982/1832 1728/2006/1832 1729/2008/1832
f 1722/1985/1833 1721/1984/1833 1736/2007/1833 1737/2009/1833
f 1715/1986/1834 1714/1983/1834 1729/2008/1834 1730/2010/1834
f 1723/1987/1835 1722/1985/1835 1737/2009/1835 1738/2011/1835
f 1716/1988/1836 1715/1986/1836 1730/2010/1836 1731/2012/1836
f 1709/1990/1837 1528/2013/1837 1724/2014/1837
f 1754/2015/1838 1723/1987/1838 1738/2011/1838
f 1717/1992/1839 1716/1988/1839 1731/2012/1839 1732/1999/1839
f 1710/1993/1840 1709/1990/1840 1724/2014/1840 1725/2001/1840
f 1737/2009/1841 1736/2007/1841 1751/2016/1841 1752/2017/1841
f 1730/2010/1842 1729/2008/1842 1744/2018/1842 1745/2019/1842
f 1738/2011/1843 1737/2009/1843 1752/2017/1843 1753/2020/1843
f 1731/2012/1844 1730/2010/1844 1745/2019/1844 1746/2021/1844
f 1724/2014/1845 1528/2022/1845 1739/2023/1845
f 1754/2024/1846 1738/2011/1846 1753/2020/1846
f 1732/1999/1847 1731/2012/1847 1746/2021/1847 1747/2025/1847
f 1725/2001/1848 1724/2014/1848 1739/2023/1848 1740/2026/1848
f 1733/2000/1849 1732/1999/1849 1747/2025/1849 1748/2027/1849
f 1726/2002/1850 1725/2001/1850 1740/2026/1850 1741/2028/1850
f 1734/2003/1851 1733/2000/1851 1748/2027/1851 1749/2029/1851
f 1727/2004/1852 1726/2002/1852 1741/2028/1852 1742/2030/1852
f 1735/2005/1853 1734/2003/1853 1749/2029/1853 1750/2031/1853
f 1728/2006/1854 1727/2004/1854 1742/2030/1854 1743/2032/1854
f 1736/2007/1855 1735/2005/1855 1750/2031/1855 1751/2016/1855
f 1729/2008/1856 1728/2006/1856 1743/2032/1856 1744/2018/1856
f 1749/2029/1857 1748/2027/1857 1764/2033/1857 1765/2034/1857
f 1742/2030/1858 1741/2028/1858 1757/2035/1858 1758/2036/1858
f 1750/2031/1859 1749/2029/1859 1765/2034/1859 1766/2037/1859
f 1743/2032/1860 1742/2030/1860 1758/2036/1860 1759/2038/1860
f 1751/2016/1861 1750/2031/1861 1766/2037/1861 1767/2039/1861
f 1744/2018/1862 1743/2032/1862 1759/2038/1862 1760/2040/1862
f 1752/2017/1863 1751/2016/1863 1767/2039/1863 1768/2041/1863
f 1745/2019/1864 1744/2018/1864 1760/2040/1864 1761/2042/1864
f 1753/2020/1865 1752/2017/1865 1768/2041/1865 1769/2043/1865
f 1746/2021/1866 1745/2019/1866 1761/2042/1866 1762/2044/1866
f 1739/2023/1867 1528/2045/1867 1755/2046/1867
f 1754/2047/1868 1753/2020/1868 1769/2043/1868
f 1747/2025/1869 1746/2021/1869 1762/2044/1869 1763/2048/1869
f 1740/2026/1870 1739/2023/1870 1755/2046/1870 1756/2049/1870
f 1748/2027/1871 1747/2025/1871 1763/2048/1871 1764/2033/1871
f 1741/2028/1872 1740/2026/1872 1756/2049/1872 1757/2035/1872
f 1769/2043/1873 1768/2041/1873 1783/2050/1873 1784/2051/1873
f 1762/2044/1874 1761/2042/1874 1776/2052/1874 1777/2053/1874
f 1755/2046/1875 1528/2054/1875 1770/2055/1875
f 1754/2056/1876 1769/2043/1876 1784/2051/1876
f 1763/2048/1877 1762/2044/1877 1777/2053/1877 1778/2057/1877
f 1756/2049/1878 1755/2046/1878 1770/2055/1878 1771/2058/1878
f 1764/2033/1879 1763/2048/1879 1778/2057/1879 1779/2059/1879
f 1757/2035/1880 1756/2049/1880 1771/2058/1880 1772/2060/1880
f 1765/2034/1881 1764/2033/1881 1779/2059/1881 1780/2061/1881
f 1758/2036/1882 1757/2035/1882 1772/2060/1882 1773/2062/1882
f 1766/2037/1883 1765/2034/1883 1780/2061/1883 1781/2063/1883
f 1759/2038/1884 1758/2036/1884 1773/2062/1884 1774/2064/1884
f 1767/2039/1885 1766/2037/1885 1781/2063/1885 1782/2065/1885
f 1760/2040/1886 1759/2038/1886 1774/2064/1886 1775/2066/1886
f 1768/2041/1887 1767/2039/1887 1782/2065/1887 1783/2050/1887
f 1761/2042/1888 1760/2040/1888 1775/2066/1888 1776/2052/1888
f 1773/2062/1889 1772/2060/1889 1787/2067/1889 1788/2068/1889
f 1781/2063/1890 1780/2061/1890 1795/2069/1890 1796/2070/1890
f 1774/2064/1891 1773/2062/1891 1788/2068/1891 1789/2071/1891
f 1782/2065/1892 1781/2063/1892 1796/2070/1892 1797/2072/1892
f 1775/2066/1893 1774/2064/1893 1789/2071/1893 1790/2073/1893
f 1783/2050/1894 1782/2065/1894 1797/2072/1894 1798/2074/1894
f 1776/2052/1895 1775/2066/1895 1790/2073/1895 1791/2075/1895
f 1784/2051/1896 1783/2050/1896 1798/2074/1896 1799/2076/1896
f 1777/2053/1897 1776/2052/1897 1791/2075/1897 1792/2077/1897
f 1770/2055/1898 1528/2078/1898 1785/2079/1898
f 1754/2080/1899 1784/2051/1899 1799/2076/1899
f 1778/2057/1900 1777/2053/1900 1792/2077/1900 1793/2081/1900
f 1771/2058/1901 1770/2055/1901 1785/2079/1901 1786/2082/1901
f 1779/2059/1902 1778/2057/1902 1793/2081/1902 1794/2083/1902
f 1772/2060/1903 1771/2058/1903 1786/2082/1903 1787/2067/1903
f 1780/2061/1904 1779/2059/1904 1794/2083/1904 1795/2069/1904
f 1792/2077/1905 1791/2075/1905 1806/2084/1905 1807/2085/1905
f 1785/2079/1906 1528/2086/1906 1800/2087/1906
f 1754/2088/1907 1799/2076/1907 1814/2089/1907
f 1793/2081/1908 1792/2077/1908 1807/2085/1908 1808/2090/1908
f 1786/2082/1909 1785/2079/1909 1800/2087/1909 1801/2091/1909
f 1794/2083/1910 1793/2081/1910 1808/2090/1910 1809/2092/1910
f 1787/2067/1911 1786/2082/1911 1801/2091/1911 1802/2093/1911
f 1795/2069/1912 1794/2083/1912 1809/2092/1912 1810/2094/1912
f 1788/2068/1913 1787/2067/1913 1802/2093/1913 1803/2095/1913
f 1796/2070/1914 1795/2069/1914 1810/2094/1914 1811/2096/1914
f 1789/2071/1915 1788/2068/1915 1803/2095/1915 1804/2097/1915
f 1797/2072/1916 1796/2070/1916 1811/2096/1916 1812/2098/1916
f 1790/2073/1917 1789/2071/1917 1804/2097/1917 1805/2099/1917
f 1798/2074/1918 1797/2072/1918 1812/2098/1918 1813/2100/1918
f 1791/2075/1919 1790/2073/1919 1805/2099/1919 1806/2084/1919
f 1799/2076/1920 1798/2074/1920 1813/2100/1920 1814/2089/1920
f 1811/2101/1921 1810/2102/1921 1825/2103/1921 1826/2104/1921
f 1804/2105/1922 1803/2106/1922 1818/2107/1922 1819/2108/1922
f 1812/2109/1923 1811/2101/1923 1826/2104/1923 1827/2110/1923
f 1805/2111/1924 1804/2105/1924 1819/2108/1924 1820/2112/1924
f 1813/2113/1925 1812/2109/1925 1827/2110/1925 1828/2114/1925
f 1806/2115/1926 1805/2111/1926 1820/2112/1926 1821/2116/1926
f 1814/2117/1927 1813/2113/1927 1828/2114/1927 1829/2118/1927
f 1807/2119/1928 1806/2115/1928 1821/2116/1928 1822/2120/1928
f 1800/2121/1929 1528/2122/1929 1815/2123/1929
f 1754/2124/1930 1814/2117/1930 1829/2118/1930
f 1808/2125/1931 1807/2119/1931 1822/2120/1931 1823/2126/1931
f 1801/2127/1932 1800/2121/1932 1815/2123/1932 1816/2128/1932
f 1809/2129/1933 1808/2125/1933 1823/2126/1933 1824/2130/1933
f 1802/2131/1934 1801/2127/1934 1816/2128/1934 1817/2132/1934
f 1810/2102/1935 1809/2129/1935 1824/2130/1935 1825/2103/1935
f 1803/2106/1936 1802/2131/1936 1817/2132/1936 1818/2107/1936
f 1815/2123/1937 1528/2133/1937 1830/2134/1937
f 1754/2135/1938 1829/2118/1938 1844/2136/1938
f 1823/2126/1939 1822/2120/1939 1837/2137/1939 1838/2138/1939
f 1816/2128/1940 1815/2123/1940 1830/2134/1940 1831/2139/1940
f 1824/2130/1941 1823/2126/1941 1838/2138/1941 1839/2140/1941
f 1817/2132/1942 1816/2128/1942 1831/2139/1942 1832/2141/1942
f 1825/2103/1943 1824/2130/1943 1839/2140/1943 1840/2142/1943
f 1818/2107/1944 1817/2132/1944 1832/2141/1944 1833/2143/1944
f 1826/2104/1945 1825/2103/1945 1840/2142/1945 1841/2144/1945
f 1819/2108/1946 1818/2107/1946 1833/2143/1946 1834/2145/1946
f 1827/2110/1947 1826/2104/1947 1841/2144/1947 1842/2146/1947
f 1820/2112/1948 1819/2108/1948 1834/2145/1948 1835/2147/1948
f 1828/2114/1949 1827/2110/1949 1842/2146/1949 1843/2148/1949
f 1821/2116/1950 1820/2112/1950 1835/2147/1950 1836/2149/1950
f 1829/2118/1951 1828/2114/1951 1843/2148/1951 1844/2136/1951
f 1822/2120/1952 1821/2116/1952 1836/2149/1952 1837/2137/1952
f 1834/2145/1953 1833/2143/1953 1848/2150/1953 1849/2151/1953
f 1842/2146/1954 1841/2144/1954 1856/2152/1954 1857/2153/1954
f 1835/2147/1955 1834/2145/1955 1849/2151/1955 1850/2154/1955
f 1843/2148/1956 1842/2146/1956 1857/2153/1956 1858/2155/1956
f 1836/2149/1957 1835/2147/1957 1850/2154/1957 1851/2156/1957
f 1844/2136/1958 1843/2148/1958 1858/2155/1958 1859/2157/1958
f 1837/2137/1959 1836/2149/1959 1851/2156/1959 1852/2158/1959
f 1830/2134/1960 1528/2159/1960 1845/2160/1960
f 1754/2161/1961 1844/2136/1961 1859/2157/1961
f 1838/2138/1962 1837/2137/1962 1852/2158/1962 1853/2162/1962
f 1831/2139/1963 1830/2134/1963 1845/2160/1963 1846/2163/1963
f 1839/2140/1964 1838/2138/1964 1853/2162/1964 1854/2164/1964
f 1832/2141/1965 1831/2139/1965 1846/2163/1965 1847/2165/1965
f 1840/2142/1966 1839/2140/1966 1854/2164/1966 1855/2166/1966
f 1833/2143/1967 1832/2141/1967 1847/2165/1967 1848/2150/1967
f 1841/2144/1968 1840/2142/1968 1855/2166/1968 1856/2152/1968
f 1853/2162/1969 1852/2158/1969 1867/2167/1969 1868/2168/1969
f 1846/2163/1970 1845/2160/1970 1860/2169/1970 1861/2170/1970
f 1854/2164/1971 1853/2162/1971 1868/2168/1971 1869/2171/1971
f 1847/2165/1972 1846/2163/1972 1861/2170/1972 1862/2172/1972
f 1855/2166/1973 1854/2164/1973 1869/2171/1973 1870/2173/1973
f 1848/2150/1974 1847/2165/1974 1862/2172/1974 1863/2174/1974
f 1856/2152/1975 1855/2166/1975 1870/2173/1975 1871/2175/1975
f 1849/2151/1976 1848/2150/1976 1863/2174/1976 1864/2176/1976
f 1857/2153/1977 1856/2152/1977 1871/2175/1977 1872/2177/1977
f 1850/2154/1978 1849/2151/1978 1864/2176/1978 1865/2178/1978
f 1858/2155/1979 1857/2153/1979 1872/2177/1979 1873/2179/1979
f 1851/2156/1980 1850/2154/1980 1865/2178/1980 1866/2180/1980
f 1859/2157/1981 1858/2155/1981 1873/2179/1981 1874/2181/1981
f 1852/2158/1982 1851/2156/1982 1866/2180/1982 1867/2167/1982
f 1845/2160/1983 1528/2182/1983 1860/2169/1983
f 1754/2183/1984 1859/2157/1984 1874/2181/1984
f 1872/2177/1985 1871/2175/1985 1886/2184/1985 1887/2185/1985
f 1865/2178/1986 1864/2176/1986 1879/2186/1986 1880/2187/1986
f 1873/2179/1987 1872/2177/1987 1887/2185/1987 1888/2188/1987
f 1866/2180/1988 1865/2178/1988 1880/2187/1988 1881/2189/1988
f 1874/2181/1989 1873/2179/1989 1888/2188/1989 1889/2190/1989
f 1867/2167/1990 1866/2180/1990 1881/2189/1990 1882/2191/1990
f 1860/2169/1991 1528/2192/1991 1875/2193/1991
f 1754/2194/1992 1874/2181/1992 1889/2190/1992
f 1868/2168/1993 1867/2167/1993 1882/2191/1993 1883/2195/1993
f 1861/2170/1994 1860/2169/1994 1875/2193/1994 1876/2196/1994
f 1869/2171/1995 1868/2168/1995 1883/2195/1995 1884/2197/1995
f 1862/2172/1996 1861/2170/1996 1876/2196/1996 1877/2198/1996
f 1870/2173/1997 1869/2171/1997 1884/2197/1997 1885/2199/1997
f 1863/2174/1998 1862/2172/1998 1877/2198/1998 1878/2200/1998
f 1871/2175/1999 1870/2173/1999 1885/2199/1999 1886/2184/1999
f 1864/2176/2000 1863/2174/2000 1878/2200/2000 1879/2186/2000
f 1884/2197/2001 1883/2195/2001 1898/2201/2001 1899/2202/2001
f 1877/2198/2002 1876/2196/2002 1891/2203/2002 1892/2204/2002
f 1885/2199/2003 1884/2197/2003 1899/2202/2003 1900/2205/2003
f 1878/2200/2004 1877/2198/2004 1892/2204/2004 1893/2206/2004
f 1886/2184/2005 1885/2199/2005 1900/2205/2005 1901/2207/2005
f 1879/2186/2006 1878/2200/2006 1893/2206/2006 1894/2208/2006
f 1887/2185/2007 1886/2184/2007 1901/2207/2007 1902/2209/2007
f 1880/2187/2008 1879/2186/2008 1894/2208/2008 1895/2210/2008
f 1888/2188/2009 1887/2185/2009 1902/2209/2009 1903/2211/2009
f 1881/2189/2010 1880/2187/2010 1895/2210/2010 1896/2212/2010
f 1889/2190/2011 1888/2188/2011 1903/2211/2011 1904/2213/2011
f 1882/2191/2012 1881/2189/2012 1896/2212/2012 1897/2214/2012
f 1875/2193/2013 1528/2215/2013 1890/2216/2013
f 1754/2217/2014 1889/2190/2014 1904/2213/2014
f 1883/2195/2015 1882/2191/2015 1897/2214/2015 1898/2201/2015
f 1876/2196/2016 1875/2193/2016 1890/2216/2016 1891/2203/2016
f 1903/2211/2017 1902/2209/2017 1917/2218/2017 1918/2219/2017
f 1896/2212/2018 1895/2210/2018 1910/2220/2018 1911/2221/2018
f 1904/2213/2019 1903/2211/2019 1918/2219/2019 1919/2222/2019
f 1897/2214/2020 1896/2212/2020 1911/2221/2020 1912/2223/2020
f 1890/2216/2021 1528/2224/2021 1905/2225/2021
f 1754/2226/2022 1904/2213/2022 1919/2222/2022
f 1898/2201/2023 1897/2214/2023 1912/2223/2023 1913/2227/2023
f 1891/2203/2024 1890/2216/2024 1905/2225/2024 1906/2228/2024
f 1899/2202/2025 1898/2201/2025 1913/2227/2025 1914/2229/2025
f 1892/2204/2026 1891/2203/2026 1906/2228/2026 1907/2230/2026
f 1900/2205/2027 1899/2202/2027 1914/2229/2027 1915/2231/2027
f 1893/2206/2028 1892/2204/2028 1907/2230/2028 1908/2232/2028
f 1901/2207/2029 1900/2205/2029 1915/2231/2029 1916/2233/2029
f 1894/2208/2030 1893/2206/2030 1908/2232/2030 1909/2234/2030
f 1902/2209/2031 1901/2207/2031 1916/2233/2031 1917/2218/2031
f 1895/2210/2032 1894/2208/2032 1909/2234/2032 1910/2220/2032
f 1907/2230/2033 1906/2228/2033 1921/1683/2033 1447/1682/2033
f 1915/2231/2034 1914/2229/2034 1924/1678/2034 1452/1686/2034
f 1908/2232/2035 1907/2230/2035 1447/1682/2035 1922/1688/2035
f 1916/2233/2036 1915/2231/2036 1452/1686/2036 1925/1690/2036
f 1909/2234/2037 1908/2232/2037 1922/1688/2037 1448/1692/2037
f 1917/2218/2038 1916/2233/2038 1925/1690/2038 1926/1694/2038
f 1910/2220/2039 1909/2234/2039 1448/1692/2039 1923/1696/2039
f 1918/2219/2040 1917/2218/2040 1926/1694/2040 1927/1698/2040
f 1911/2221/2041 1910/2220/2041 1923/1696/2041 1449/1700/2041
f 1919/2222/2042 1918/2219/2042 1927/1698/2042 1928/1702/2042
f 1912/2223/2043 1911/2221/2043 1449/1700/2043 1450/1704/2043
f 1905/2225/2044 1528/2235/2044 1920/1706/2044
f 1754/2236/2045 1919/2222/2045 1928/1702/2045
f 1913/2227/2046 1912/2223/2046 1450/1704/2046 1451/1679/2046
f 1906/2228/2047 1905/2225/2047 1920/1706/2047 1921/1683/2047
f 1914/2229/2048 1913/2227/2048 1451/1679/2048 1924/1678/2048
